"1","FAC/DEVIS _ ASP_Réinstallation ","","","","","","","","","","",""," # Projet"," Noms"," Adresse","Ville","Date","Heures","Contact sur place","Code Postal","Commentaires - Printemps 2026","Commentaires - Printemps 2025","Commentaires - Automne 2024","Commentaires - printemps 2024","Commentaires - Automne 2023","Commentaires - Printemps 2023","","","","","","","","","","Courriel","","Commentaires - Automne  2024","Détail des tapis","","","","","","","","","","","","",""
"Édifice","","FALSE","","FALSE","TRUE","","TRUE","TRUE","FALSE","950","","5393","1307-ET","1001 Robert-Bourrassa","700, rue de la Gauchetière","Montréal","5 avril","8h-17h","","","semaine du 6 avril","Pas pu retirer tapis ascenseurs A,H,G,F,M,N,P,J hors d'usage car ils changent les panneaux de contrôle à l'intérieur.","","","","","FALSE","FALSE","","","FALSE","FALSE","FALSE","TRUE","FALSE","jcampbell@alliedreit.com","","reste 3 corridors des ascenseurs Guylaine doit commander des tapis","","","","","","","","","","","","","",""
"Édifice","","FALSE","","FALSE","FALSE","","FALSE","FALSE","FALSE","","  796 ","","1205-ET","Ordre des dentistes du Québec","800, boul. René Levesque O","Montréal","7 avril","12h-14h","","","","","","","","","FALSE","","","","","","TRUE","TRUE","FALSE","kim-lai.pham@odq.qc.ca","","","","","","","","","","","","","","","",""
"Commerce","","FALSE","","FALSE","TRUE","","TRUE","TRUE","FALSE","30","  1 235 ","","1319-ET","Club MAA","2070, rue Peel","Montréal","7 avril","14h30-17h30","","","Contact: Dolores Abreu 514-845-2233","Si possible, semaine du 7 avril entre 8h et 11h","","AJOUT POUR LE SERVICE D'ENTRETIEN(si possible sermaine du 15 avril)","","","","","","","","","TRUE","TRUE","TRUE","dabreu@clubsportifmaa.com;pblanchet@clubsportifmaa.com","","À FAIRE ENTRE 8h00 et 10h30","","","","","","","","","","","","","",""
"Bureau","","FALSE","","FALSE","TRUE","","TRUE","TRUE","FALSE","30","  234 ","","1331-ET","LDC Logistics","1002, rue Sherbrooke O., Suite 2000","Montréal","8 avril","12h-13h","","","","","","A FAIRE","","","FALSE","","2","2","","","TRUE","TRUE","FALSE","okovalska@MetroSCG.com","","","","","","","","","","","","","","","",""
"Résidences","","FALSE","FALSE","FALSE","FALSE","FALSE","FALSE","FALSE","FALSE","20","  624 ","","1379-ET","Centre communautaire Greene ","1090, avenue Greene","Montréal","8 avril","14h-15h","","","","","","","","","","","","","","","TRUE","TRUE","FALSE","jason@centregreene.org","","","","","","","","","","","","","","","",""
"Bureau","","FALSE","","FALSE","TRUE","","TRUE","TRUE","FALSE","","  360 ","638","1321-ET","Gestion Sandanna","1, Westmount Square, bureau 2000","Montréal","8 avril","15h30-17h30","","","","ENTRE 6H00 ET 7H00 LE MATIN (confirmé pour le 2 avril)","","à partir de 6h00 am","","","FALSE","","2","2","","","TRUE","TRUE","FALSE","nbecot@peloquinkattan.com","","","","","","","","","","","","","","","",""
"Condo","","FALSE","","FALSE","TRUE","","TRUE","TRUE","FALSE","","  630 ","","1283-ET","SDC La Tannerie","680 de Courcelle","Montréal","9 avril","12h-13h","","","","CODE D'ACCÈS:  01723","","","","","","","","","","","TRUE","TRUE","FALSE","SyndicatTannerie@in.condoweb.app;Gestion.lefite@in.condoweb.app","","","","","","","","","","","","","","","",""
"Condo","","FALSE","","FALSE","FALSE","","FALSE","FALSE","FALSE","","  1 569 ","","","SDC Le William","1850, rue William","Montréal","9 avril","14h-17h","","","","","","","","","","","","","","","TRUE","TRUE","FALSE","jordan.guia@solutioncondo.com","","","","","","","","","","","","","","","",""
"Édifice","","FALSE","","FALSE","TRUE","","TRUE","TRUE","FALSE","120","  11 857 ","","1347-ET","Edifice SunLife (RDC)","1155, rue Metcalfe, Montréal","Montréal","7-8-9 avril","18-22h","","","Contact: Sécurité 514-917-5139                                                                      Deux cases du stationnement intérieur seront mises à disposition","NETTOYAGE ET ENTREPOSAGE DU RDC SEULEMENT","","","","","","","","","","","FALSE","TRUE","FALSE","lucie.richard@bgo.com","","","","","","","","","","","","","","","",""
"Édifice","","FALSE","","FALSE","TRUE","","FALSE","FALSE","FALSE","50","  640 ","","1347-ET","Édifice SunLife  21e étage","1155, rue Metcalfe","Montréal","7-8-9 avril","18-22h","","","","","","","Correction d’installation de tapis dans le lobby au 21e étage – le tapis de gauche semble avoir été mis à l’envers de 180 degrés – les deux sections ne sont pas de la même couleur cette année","","FALSE","","","4","","","FALSE","TRUE","FALSE","Lucie.Richard@bentallgreenoak.com","","","","","","","","","","","","","","","",""
"Édifice","","FALSE","","FALSE","TRUE","","FALSE","FALSE","FALSE","","  2 140 ","","1347-ET","Édifice SunLife 7e,  8e, 9e, 23,","1155, rue Metcalfe","Montréal","7-8-9 avril","18-22h","","","","","","","Correction d’installation de tapis dans le lobby au 21e étage – le tapis de gauche semble avoir été mis à l’envers de 180 degrés – les deux sections ne sont pas de la même couleur cette année","","FALSE","","","4","","","FALSE","TRUE","FALSE","Lucie.Richard@bentallgreenoak.com","","","","","","","","","","","","","","","",""
"Édifice","","FALSE","","FALSE","TRUE","","TRUE","TRUE","FALSE","20","  420 ","","1363-ET","Banque Financière Montréal","1155, rue Metcalfe","Montréal","7-8-9 avril","18-22h","","","","","","","","","FALSE","","","","","","FALSE","TRUE","FALSE","lucie.richard@bgo.com","","","","","","","","","","","","","","","",""
"Édifice","","FALSE","","FALSE","TRUE","","TRUE","TRUE","FALSE","21","  1 030 ","","1320-ET","WADA","800, rue du Square Victoria, 16e et 17e étages","Montréal","10 avril","14h30-16h30","","","Contact: Karine Feddersen  438-869-5139","","","C'est confirmer avec le client par téléphone","","","FALSE","FALSE","","","FALSE","FALSE","TRUE","TRUE","TRUE","Stephanie.Constantin@wada-ama.org","","plancher blanc a faire plus tôt dans la saison","","","","","","","","","","","","","",""
"Édifice","","FALSE","","FALSE","TRUE","","FALSE","FALSE","FALSE","","  890 ","","1312-ET","Place Victoria (tapis de pluie Réinstallation )","800, rue du Square Victoria","Montréal","10-11 avril ","","","","10 avril 17h-22h. 11 avril 10h-22","Personne sur place : Agents de sécurité (Sinon : Jennifer au 514-966-7588)
Stationnement : il y a un stationnement intérieur payant pour les voitures des travailleurs. Sinon, une place est réservée au quai de marchandises pour le camion pour samedi (svp préciser les heures) Hauteur maximale quai 11 pi 4 po.","","","","","FALSE","FALSE","","","FALSE","FALSE","TRUE","TRUE","FALSE","jtousignant@groupepetra.com","","","","","","","","","","","","","","","",""
"Édifice","","FALSE","","FALSE","TRUE","","TRUE","TRUE","FALSE","330","  13 745 ","1192","1312-ET","Place Victoria (tapis d'hiver)","800, rue du Square Victoria","Montréal","10-11 avril ","","","","10 avril 17h-22h. 11 avril 10h-22","","","","","","FALSE","FALSE","","","FALSE","FALSE","TRUE","TRUE","FALSE","jtousignant@groupepetra.com","","","","","","","","","","","","","","","",""
"Bureau","","FALSE","","FALSE","TRUE","","TRUE","TRUE","FALSE","300","  4 565 ","","1351-F","Édifice Le Windsor (RDC + SS)","1170, rue Peel","Montréal","12 avril","10h-22h","","","","SVP communiquer avec la sécurité au 514-917-5139 à votre arrivéeDeux cases du stationnement intérieur seront mises à disposition pour la récupération des tapis.
Hauteur MAXIMALE 6’9’’","","","","","","","","","","","TRUE","TRUE","FALSE","Emy.Constantin@bgo.com","","","","","","","","","","","","","","","",""
"","","FALSE","","FALSE","FALSE","","FALSE","FALSE","FALSE","","  1 625 ","","1351-F","Édifice Le Windsor (étages)","1170, rue Peel","Montréal","12 avril","10h-22h","","","","","","","","","FALSE","","","","","","TRUE","TRUE","FALSE","Emy.Constantin@bgo.com","","","","","","","","","","","","","","","",""
"Édifice","","FALSE","","FALSE","TRUE","","TRUE","TRUE","FALSE","","  4 300 ","","1103-ET","Agence Spaciale Canadienne","6767, route de l'aéroport","Saint-Hubert","14 avril","15h-22h","","J3Y 8Y9","","","","SOUMETTRE LE NOMS DES EMPLOYÉS QUI FERONT L'ENLÈVEMENT DES TAPIS UNE SEMAINE AVANT LA DATE","","","FALSE","","3","5","","","TRUE","TRUE","FALSE","Benoit.Hache@asc-csa.gc.ca;mathieu.gamache@asc-csa.gc.ca","","","","","","","","","","","","","","","",""
"Condo","","FALSE","","FALSE","TRUE","","TRUE","TRUE","TRUE","35","  606 ","","1342-ET","SDC Condo Rêve","4975, rue Jean-Talon Ouest","Outremont","15 avril","12h-13h","","","Demande 6 au 10 avril","Luc Vincelette : (438) 778-7076","","","","","","","","","","","TRUE","TRUE","FALSE","edeloffre@sergicquebec.ca ","","","","","","","","","","","","","","","",""
"","","FALSE","","FALSE","TRUE","","TRUE","TRUE","FALSE","85","  2 598 ","","1178-ET","6300 ave du Parc","6300, ave du Parc","Outremont","15 avril","13h-16h","","","Contact: Lafleche Tougas 514-928-0577","Personne responsable sur place ou code d'accès  Lafleche Tougas 514-928.0577
Avons-nous accès à un stationnement  oui","","","","","","","","","","","TRUE","TRUE","TRUE","lbeaulieu@Alliedreit.com","","","","","","","","","","","","","","","",""
"Édifice","","FALSE","","FALSE","TRUE","","TRUE","TRUE","FALSE","90","  1 902 ","","1361-ET","Édifice 5455 de Gaspé","5455, de Gaspé, Montréal","Outremont","15 avril","18h-20h","","","","","","","","","","","","","","","TRUE","TRUE","FALSE","pbeauchamp@Alliedreit.com","","","","","","","","","","","","","","","",""
"Édifice","","FALSE","","FALSE","TRUE","","TRUE","TRUE","FALSE","70","  1 869 ","","1360-ET","Édifice 5445 de Gaspé","5445, de Gaspé, Montréal","Outremont","15 avril","20h-22h","","","","","","","","","","","","","","","TRUE","TRUE","FALSE","pbeauchamp@Alliedreit.com","","","","","","","","","","","","","","","",""
"","","FALSE","","FALSE","FALSE","","FALSE","FALSE","FALSE","","","","1376-ET","Gare Windsor (3 adresses)","","Montréal","16 avril","16h-21h","","","","","","","","","","","","","","","TRUE","TRUE","FALSE","","","","","","","","","","","","","","","","",""
"Édifice","","FALSE","","FALSE","FALSE","","FALSE","FALSE","FALSE","","","","","Édifice 1275 ave des Canadiens de Montréal","","Montréal","16 avril","21h-23h","","","","","","","","","","","","","","","TRUE","TRUE","FALSE","","","","","","","","","","","","","","","","",""
"","","FALSE","","FALSE","FALSE","","FALSE","FALSE","FALSE","","  2 066 ","","1382-ET","Domtar ","395, boul. de Maisonneuve O., Montréal","Montréal","17 avril","14h30-17h30","","","Contact: Donald Leblanc  514-246-3767 stationnement au 406 Président-Kennedy porte de livraison ","","","","","","FALSE","","","","","","TRUE","TRUE","TRUE","donald.leblanc@domtar.com","","","","","","","","","","","","","","","",""
"","","FALSE","","FALSE","TRUE","","TRUE","TRUE","","","  779 ","","1206-ET","TMX","1115, St-Antoine , 17e et 18e étages","Montréal","17 avril","21h-22h","","","","","","","FALSE","","","","","","FALSE","FALSE","TRUE","TRUE","FALSE","martin.verville@tmx.com","","","FALSE","FALSE","","","","","","","","","","","",""
"Édifice","","FALSE","","FALSE","FALSE","","FALSE","FALSE","FALSE","","  9 080 ","","1375-ET","Tour Deloitte","1190, ave des canadiens-de-Montréal","Montréal","18 avril","10h-22h","","","","","","","","","","","","","","","TRUE","TRUE","FALSE","vmarmen@canderel.com","","","","","","","","","","","","","","","",""
"Édifice","","FALSE","","FALSE","FALSE","","FALSE","FALSE","FALSE","","","","","Édifice 1250 René Levesque O","","Montréal","19 avril","10h-22h","","","","","","","","","","","","","","","TRUE","TRUE","FALSE","","","","","","","","","","","","","","","","",""
"Édifice","","FALSE","","FALSE","TRUE","","FALSE","FALSE","FALSE","200","  5 654 ","","1309-ET","Upa longeuil ","555, boul. Rolan-Therrien","Longueuil","21 avril","15h-22h","","","","","","","","","FALSE","FALSE","","","FALSE","FALSE","TRUE","TRUE","FALSE","hcharbonneau@upa.qc.ca","","","","","","","","","","","","","","","",""
"Édifice","","FALSE","","FALSE","TRUE","","TRUE","TRUE","FALSE","115","  2 077 ","","1316-ET","Novartis ","700, rue St-Hubert, Montréal","Montréal","22 avril","14h30-17h","","","","","","","","","FALSE","FALSE","","","FALSE","FALSE","TRUE","TRUE","FALSE","michel.guerin@novartis.com","","manquait tapis #9 et #11 (sur les feuilles mais pas dans rouleaux , à trouver dans l'entrepôt) donc tapis #10 pas installé car entre les deux, #10 entreposé sur place selon directive du client, voir photo","","","","","","","","","","","","","",""
"Édifice","","FALSE","","FALSE","TRUE","","TRUE","TRUE","FALSE","1050","  12 419 ","","1273-ET","Complexe Guy Favreau RDC Tout PC inclus ","200, René-Levesque O","Montréal","22-23 avril","17h-23h","","H2Z 1X4","Demande mi-fin avril","***tapis asc2 tour west absent ainsi que les 2 ascenseurs pour stationnement ***","","","6 déc : 1er déc : 4,5 bte moulures Étages 12,11 et 9 - 5 b moulures  / 30 nov : 4.5 boîtes de moulures. Étages, 4 , 5,6 et moulures d'étage 2 et 3  /29 nov : tour Est étages 2 et 3 MANQUE MOULURES CONTOUR / 15 nov : Tour ouest 5 étages de fait / Tous les ascenseurs sont fait sauf #1 tour EST , elle est en panne, reste 4 étages à faire.  Reste tour est à faire / 5 boîtes de moulures / 13 nov : 4h – 2 per – 8 tapes RDC 1+2   ***cube ***","Pc a été changer dû au reno , le total + Aussi calculé le PC des tapis ajouté au RDC 2 Tour","FALSE","","","","","","TRUE","TRUE","FALSE","Angela.Potvin@bgis.com","","","","","","","","","","","","","","","",""
"","","FALSE","","FALSE","FALSE","","FALSE","FALSE","FALSE","","","","1273-ET","Complexe Guy Favreau etages tour est/ouest ","200, René-Levesque O","Montréal","25 avril","10h-22h","","","Demande mi-fin avril","","","","","","FALSE","","","","","","TRUE","FALSE","FALSE","Angela.Potvin@bgis.com","","","","","","","","","","","","","","","",""
"Édifice","","FALSE","","FALSE","TRUE","","TRUE","TRUE","TRUE","459","  4 103 ","","1180-ET","Allied - Viger *tape vert* ","425, Viger Ouest","Montréal","26 avril","10h-22h","","H2Y 3Y7","","ajout laize centrale +918Pc ","","","Client veut soumission pour 6 tapis d'ascenseur et logo","","FALSE","","2","5","","","TRUE","TRUE","TRUE","jcampbell@alliedreit.com","","","","","","","","","","","","","","","",""
"Édifice","","FALSE","","FALSE","TRUE","","TRUE","TRUE","FALSE","42","  538 ","","1138-ET","Carmichael","3822, ave de Courtrai","Outremont","1 mai","12h-13h","","H3S 1C1","Contact: Barry Fahey 514-777-6737","APRÈS LE 1ER AVRIL ET NE PAS FAIRE LES VENDREDIS","","If there is no choice we will take the 13th of May but not happily. We had originally requested that they be removed mid April every year.","A la demande du client nous avons remplacé les moulures","FAire attention à la réinstallation ces moulures sont bombées.","FALSE","","2","2","","","TRUE","TRUE","FALSE","bfahey@carmichael-eng.ca","","","","","","","","","","","","","","","",""
"Édifice médical","","FALSE","","FALSE","TRUE","","TRUE","TRUE","FALSE","50","  885 ","","1359-ET","CLSC Outremont","1271, rue Van Horne","Outremont","1 mai","13h-16h30","","","Contact: Huguette St-Pierre 514-770-0774","Catherine Durand à la réception de la clinique.
Le code des portes est  1-3-4","","","","","","","","","","","TRUE","TRUE","TRUE","huguette.stpierre.dlm@ssss.gouv.qc.ca","","Entre 9h et 17h","","","","","","","","","","","","","",""
"Édifice","","FALSE","","FALSE","TRUE","","TRUE","TRUE","FALSE","250","  1 436 ","","0743-ET","Collège Stanislas","780, ave Dollard","Outremont","1 mai","16h30-18h","","H2V 3G5","","CONGÉS DU 21 AU 28 AVRIL - Le tapis de l'entrée McEachcran sera jeté par le collège Personne responsable : Nicholas Goodman 438-520-4328
Il y a un stationnement côté parc de la rue Van Horne, au bout des bâtiments.","","Tapis de l'entrée McEachran","* manque tapis entrée MC eachran, n'est pas sur les plans, je crois que c'est une nouvelle installation..","DERNIÈRE SEMAINE D'AVRIL IL N'Y A PAS D'ÉLÈVES","FALSE","","2","4","","","TRUE","TRUE","FALSE","sylvie.marie@stanislas.qc.ca","","","","","","","","","","","","","","","",""
"Édifice","","FALSE","","FALSE","TRUE","","TRUE","TRUE","FALSE","36","  3 418 ","","1274-ET","Allied - 1010 Sherbrooke Est","1010, Sherbrooke Ouest","Montréal","1 mai","18h-22h","","H3A 2R7","","","","","Pas pu installer ascenseur 9 hors d'usage","","","","","","","","TRUE","TRUE","FALSE","bdurand@alliedreit.com","","","","","","","","","","","","","","","",""
"Édifice médical","","FALSE","","FALSE","TRUE","","TRUE","TRUE","FALSE","","  1 080 ","","1341-ET","CSSL (Horizon-Jeunesse)","155, boulevard Ste-Rose, Laval","Laval","En mai ","A venir ","","","","Entrée 10,11, 12 et tapis devant les casiers seulement ","","","","","","","","","","","TRUE","TRUE","FALSE","jfcloutier@csslaval.gouv.qc.ca","","","","","","","","","","","","","","","",""
"Édifice","","FALSE","","FALSE","TRUE","","TRUE","TRUE","FALSE","37","  958 ","","1323-ET","Bibliothèque Maisonneuve","4120, Ontario Est","Montréal-Est ","En mai ","A venir ","","","","jour et heure exacte  a venir  (Lundi, jeudi et vendredi ouvre a midi - mardi et mercredi à 10h00)","","À FAIRE EN AVANT-MIDI LA BIBLIOTHÈQUE OUVRE À 12H","","","FALSE","FALSE","","","FALSE","FALSE","TRUE","TRUE","FALSE","marie-eve.leprohon@montreal.ca","","","","","","","","","","","","","","","",""
"Édifice","","FALSE","","FALSE","TRUE","","TRUE","TRUE","FALSE","","  584 ","","0909-ET","SFM","325, boul. Bouchard","Dorval","En mai ","A venir ","","H9S 1A9","","Changement de dates , prevu le 18 avril mais fermé pour paques ","","","Manque tapis de garde robe #9 et #10 ","Je suis la personne responsable sur place, mais la réceptionniste (Tina Limosani) sera en mesure de répondre à vos question s’il y a lieu. Une carte d’accès n’est pas requise, la réceptionniste vous laissera entrer.","FALSE","","2","2","","","TRUE","TRUE","FALSE","steve.colpron@sfm.ca","","","","","","","","","","","","","","","",""
"Édifice médical","","FALSE","","FALSE","TRUE","","TRUE","TRUE","FALSE","57","  1 077 ","","1239-ET","CHSLD Dr. Chevrier","700, rue Docteur Chevrier","Saint-Lambert","En mai ","A venir ","","","","À la demande du nouveau responsable Bruno forget, les tapis escaliers A et B laissés sur place et ne feront plus partie du contrat. Total 60 pieds carré en moins","","","","Si vous venez tôt plus facile de trouver un stationnement.","FALSE","","","","","","TRUE","TRUE","FALSE","maintenancechsldstlambert@ls4.ca","","","","","","","","","","","","","","","",""
"","","FALSE","","FALSE","TRUE","","TRUE","TRUE","FALSE","","  341 ","","1287-ET","Édifice à bureaux (Expos)","2265, Fernand-Lafontaine","Longueuil","En mai ","A venir ","","J4G 2R8","","","","","","","","","","","","","TRUE","TRUE","FALSE","gcote@prio.ca","","","","","","","","","","","","","","","",""
"Édifice","","FALSE","","FALSE","TRUE","","FALSE","TRUE","TRUE","","  525 ","","0782-ET","Bernard et Brassard #300 *tape vert* ","2265, boul. Fernand-Lafontaine","Longueuil","En mai ","A venir ","","J4G 2R8","NE PAS OUBLIÉ L'AJOUT DU HALL DES ASCENSEURS","NE PAS FACTURER LE CLIENT POUR LE PLANCHER DE BOIS ABÎMER","","La cliente demande à ce qu’il y ai toujours du tape vert où il y a le plancher de bois, puisque sinon ça enlève la pellicule de protection transparente sur le bois.","","Il est à noter que nous avons des tapis à retirer sur les 2 étages (3e et 4e) de nos bureaux et qu’il ne faudrait pas oublier cette année de retirer le tapis qui se trouve dans le vestiaire du 4e étage. - Geneviève PIcard 450-321-0257","FALSE","","1","1","","","TRUE","TRUE","FALSE","Gpicard@bernard-brassard.com","","","","","","","","","","","","","","","",""
"Commerce","","FALSE","","FALSE","TRUE","","TRUE","TRUE","FALSE","","  156 ","","1230-ET","Bédard Ressources #310","1575, boul. de l'Avenir","Laval","En mai ","A venir ","","H7S 2N5","","Stationnement Oui : Christiane (514) 261-1067","","","","Melissa Célissaint 514-212-2230 #360","FALSE","","","4","","","TRUE","TRUE","FALSE","christiane@bedardressources.com","","","","","","","","","","","","","","","",""
"Commerce","","FALSE","","FALSE","TRUE","","TRUE","TRUE","FALSE","","  282 ","","1207-ET","Uvée- Optométriste de Quartier","1668, rue Laurier Est","Montréal","En mai ","A venir ","","H2J 1J2","","","","","","pas de stationnment assigné","FALSE","","1","1","","","TRUE","TRUE","FALSE","alex-anne.harvey@uvee.ca","","","","","","","","","","","","","","","",""
"Édifice","","FALSE","","FALSE","TRUE","","TRUE","TRUE","FALSE","8","  360 ","","1343-ET","Edifice 1555 de l'Avenir","1555, boul. de l'Avenir, Laval","Laval","En mai ","A venir ","","","","Cathy: 450-436-8985","","","","","","","","","","","TRUE","TRUE","FALSE","cathyboucher@groupechameleon.ca","","","","","","","","","","","","","","","",""
"Édifice","","FALSE","","FALSE","TRUE","","TRUE","TRUE","FALSE","8","  498 ","","1344-ET","Edifice 1565 de l'Avenir","1565, boul. de l'Avenir, Laval","Laval","En mai ","A venir ","","","","","","","","","","","","","","","TRUE","TRUE","FALSE","cathyboucher@groupechameleon.ca","","","","","","","","","","","","","","","",""
"Édifice","","FALSE","","FALSE","TRUE","","TRUE","TRUE","FALSE","20","  924 ","","1345-ET","Edifice 1575 de l'Avenir","1575, boul. de l'Avenir, Laval","Laval","En mai ","A venir ","","","","","","","","","","","","","","","TRUE","TRUE","FALSE","cathyboucher@groupechameleon.ca","","","","","","","","","","","","","","","",""
"Édifice médical","","FALSE","","FALSE","TRUE","","TRUE","TRUE","FALSE","13","  1 030 ","","1001-ET","Édifice E  ","3310, 100e Avenue","Laval","En mai ","A venir ","","H7T 0J7","","M. Serge Boyer. Vous pouvez le rejoindre au (514) 793-2540.","","","","","FALSE","","2","2","","","TRUE","TRUE","FALSE","dbourgault@e-propri-gestion.com","","","","","","","","","","","","","","","",""
"Résidences","","FALSE","","FALSE","TRUE","","TRUE","TRUE","FALSE","","  1 520 ","","0979-ET","Le Seva","300, rue de Sarcelle","Candiac","En mai ","A venir ","","J5R 0S9","","","","","","Vous pourrez vous stationner sur le côté de la résidence, sur la rue Sarcelle près du IGA. On installera des cônes pour vous faciliter l’accès.","FALSE","","2","2","","","TRUE","TRUE","FALSE","cse@residenceseva.com","","","","","","","","","","","","","","","",""
"Résidences","","FALSE","","FALSE","TRUE","","TRUE","TRUE","FALSE","","  1 385 ","","1229-ET","Le Boréa","61, 54e avenue Est","Blainville","En mai ","A venir ","","","","","","","Manque tapis ascenseur - Fait","André Laplante 450-508-8073","FALSE","","","","","","TRUE","TRUE","FALSE","cse@residenceborea.com","","","","","","","","","","","","","","","",""
"Résidences","","FALSE","","FALSE","TRUE","","TRUE","TRUE","FALSE","39","  1 035 ","","0970-ET","Les Jardins Windsor PH4","651, rue de la Montagne","Montréal","En mai ","A venir ","","H3C 0G2","Tapis fini - en attente du paiement - NE PAS FAIRE L'ENLÈVEMENT POUR LE MOMENT","","","","","","FALSE","","2","2","","","TRUE","TRUE","FALSE","guy.gervais@gmail.com","","","","","","","","","","","","","","","",""
"","","FALSE","FALSE","FALSE","FALSE","FALSE","FALSE","FALSE","FALSE","130","  455 ","","1380-ET","Villa Opale","650, 32e avenue","Lachine","En mai ","A venir ","","","","","","","","","","","","","","","TRUE","TRUE","FALSE","chantal.pelletier@lokia.ca","","","","","","","","","","","","","","","",""
"Condo","","FALSE","FALSE","FALSE","FALSE","FALSE","FALSE","FALSE","FALSE","","  2 348 ","","1378-ET","Le Novia","300, place Charles Lemoyne","Longueuil","En mai ","A venir ","","","","","","","","","","","","","","","TRUE","TRUE","FALSE","service@lenovia.ca","","","","","","","","","","","","","","","",""
"Bureau","","FALSE","","FALSE","TRUE","","TRUE","TRUE","FALSE","","  314 ","","1282-ET","Transition Centre-Sud","1819, boul. Rosemont","Montréal-Est ","En mai ","A venir ","","H2G 1S5","Communiquer avec Nathalie Daniel ndaniel@transitioncentresud.ca","jour et heure exacte  a venir ","","JE NE PEUX PAS ROMPRE LE SERVICE D'ENTRETIEN PARCE  CE CLIENT","","","","","","","","","TRUE","TRUE","FALSE","jdeslauriers@transitioncentresud.ca","","","","","","","","","","","","","","","",""
"Condo","","FALSE","","FALSE","TRUE","","TRUE","TRUE","FALSE","20","  535 ","","1003-ET","Promenade du Parc","1920, rue Adoncour","Longueuil","En mai ","A venir ","","J4N 1T4","","André Bissonnette 450-649-0648 ou Denise Leroux 514-795-4064","","","Il manque un tapis d’hiver du côté sud de l’immeuble","Le stationnement est disponible en face des portes principales de l’immeuble","FALSE","","2","1","","","TRUE","TRUE","FALSE","lespromenadesduparc@laucandrique.net","","","","","","","","","","","","","","","",""
"Bureau","","FALSE","","FALSE","TRUE","","TRUE","FALSE","FALSE","20","  528 ","","1328-ET","KOTV","300, Place Charles-Lemoyne, bureau 200","Longueuil","En mai ","A venir ","","","","Au 1245 Bleury vous pouvez vous stationner dans la cour intérieure.","","","","","FALSE","","2","2","","","TRUE","TRUE","FALSE","imartin@kotv.ca","","","","","","","","","","","","","","","",""
"Édifice","","FALSE","","FALSE","TRUE","","TRUE","TRUE","FALSE","","  570 ","","1330-ET","Académie de Danse de Montréal","8265, Boul. Langelier","St-Léonard","En mai ","A venir ","","","","Melanie Hattem will be on location,Yes there is parking ","","","","","FALSE","FALSE","","","FALSE","FALSE","TRUE","TRUE","FALSE","jeffdichter1@gmail.com","","**manque tapis #2 et #6 (était sur feuille mais pas dans rouleau. Voir photos. Tapis #5 trop court (devrait avoir deuxième morceaux mais pas sur plan . Manque environ 7 pieds. Tapis 2A j'ai laissé à l'entrepôt car mini tapis besoin du #2 pour installer ***  IL FAUT APPELER LE CLIENT AVANT DE PASSER PARCE QUE L'HORAIRE N'EST PAS FIXE.","","","","","","","","","","","","","",""
"Condo","","FALSE","","FALSE","TRUE","","TRUE","TRUE","FALSE","96","  1 736 ","","1318-ET","7227 boul. Newman SDC ","7227, boul. Newman","Montréal","En mai ","A venir ","","","","","","","","","FALSE","FALSE","","","FALSE","FALSE","TRUE","TRUE","FALSE","lenewman@gestionbrt.com","","14/05/2025:  Il veut une date de réinstallation le 1er novembre 2025","","","","","","","","","","","","","",""
"Condo","","FALSE","","FALSE","TRUE","","TRUE","TRUE","FALSE","","  526 ","","1247-ET","TAK Phase 6 ","4801, 2e avenue","Montréal","En mai ","A venir ","","","","","","","","","FALSE","","","","","","TRUE","TRUE","FALSE","alexandre.srougi@solutioncondo.com","","","","","","","","","","","","","","","",""
"Condo","","FALSE","","FALSE","TRUE","","TRUE","TRUE","FALSE","","  778 ","","1263-ET","TAK phase 1","4820, 4e Avenue","Montréal","En mai ","A venir ","","H1Y 2T8","2025 PC 950"," la personne sur place sera Manuel que vous pourrez contacter au : 514 546 9643
Ou récupérer les clés situées dans la boite à clés à l’entrée de l’immeuble : code 2308","","","","et tak 1 950 Pc ???? Courriel Guylaine 8 mai 23 : 778pc","FALSE","","","6","","","TRUE","TRUE","FALSE","alexandre.srougi@solutioncondo.com","","","","","","","","","","","","","","","",""
"Commerce","","FALSE","","FALSE","FALSE","","FALSE","FALSE","FALSE","","  308 ","","1371-ET","Dynatherm","4127, rue Cousens, Saint-Laurent","Richard Ross","En mai ","A venir ","","","","","","","","","","","","","","","TRUE","TRUE","FALSE","tbianco@dynatherm.ca","","","","","","","","","","","","","","","",""
"","","FALSE","","FALSE","FALSE","","FALSE","FALSE","FALSE","","  702 ","","1197-ET","CPE Coeur de l'Île","2830, rue Gilford","Montréal","En mai ","A venir ","","","","","","","","","","","","","","","TRUE","TRUE","FALSE","mhoule@cpeile.com","","","","","","","","","","","","","","","",""
"Édifice","","FALSE","","TRUE","TRUE","","TRUE","TRUE","FALSE","","  1 004 ","","1213-ET","Centre d'intégration Scolaire","8844, rue Notre-Dame Est","Montréal","En mai ","A venir ","","H1L 3M4","","Personne responsable sur place ou code d'accès : Sylvain Langlois 514-961-2176
Avons-nous accès à un stationnement oui","","","","","FALSE","","2","2","","","TRUE","TRUE","FALSE","ychouinard@cisi.qc.ca","","pas fait car personne sur place","","","","","","","","","","","","","",""
"Édifice","","FALSE","","FALSE","TRUE","","TRUE","FALSE","FALSE","","  240 ","","1367-ET","École Lucien-Guilbault","7695, avenue Papineau","Montreal","En mai ","A venir ","","","","","","","","","","","","","","","TRUE","TRUE","FALSE","d.laflamme@lucien-guilbault.ca","","","","","","","","","","","","","","","",""
"Bureau","","FALSE","","FALSE","TRUE","","TRUE","TRUE","FALSE","","  728 ","","1353-ET","Clnique Dr. Lacoste","3333, 100e Avenue, 3e étage","Laval","En mai ","A venir ","","","","","","","","","","","","","","","TRUE","TRUE","FALSE","gestionnaire.clinique@gmail.com","","","","","","","","","","","","","","","",""
"Édifice","","FALSE","","FALSE","TRUE","","TRUE","TRUE","FALSE","","  262 ","","1352-ET","Edifice 3333 100e Avenue","3333, 100e Avenue, RDC","Laval","En mai ","A venir ","","","","","","","","","","","","","","","TRUE","TRUE","FALSE","gestionnaire.clinique@gmail.com","","","","","","","","","","","","","","","",""
"","","","","FALSE","TRUE","","TRUE","TRUE","FALSE","","  426 ","","1365-ET","Edelman","4446, boul. St-Laurent, suite 501","Montréal","En mai ","A venir ","","","","","","","","","","","","","","","TRUE","TRUE","FALSE","Sylvie.Mota@edelman.com","","","","","","","","","","","","","","","",""
"Édifice","","FALSE","","FALSE","TRUE","","TRUE","TRUE","FALSE","34","  1 263 ","","1233-ET","Sunwing","3105, Place Louis R-Renaud","Laval","En mai ","A venir ","","H7V 0A3","","","","Ajout entrée arrière 360,8 + 903","Manque 4 tapis  = fait","","FALSE","","","8","","","TRUE","TRUE","FALSE","juliench06@gmail.com","","ajout déc 2023 - entrée arrière 360pc (360+903)","","","","","","","","","","","","","",""
"Édifice","","FALSE","","FALSE","TRUE","","TRUE","TRUE","FALSE","","  849 ","","1232-ET","Vacances Sunwing","3105, Place Louis R-Renaud","Laval","En mai ","A venir ","","H7V 0A3","","","","","","","FALSE","","","8","","","TRUE","TRUE","FALSE","juliench06@gmail.com","","","","","","","","","","","","","","","",""
"Condo","","FALSE","","FALSE","TRUE","","TRUE","TRUE","FALSE","","  1 325 ","","1061-ET","6000 Deacon","6000, ch. Deacon","Outremont","En mai ","A venir ","","H3S 2T9","","","","","Manque moulure ascenseur x 7","","","","","","","","TRUE","TRUE","FALSE","info@6000deacon.ca","","L’ascenseur I-J-K n’a pas pu être installé à cause qu’il était hors service.","","","","","","","","","","","","","",""
"Édifice","","FALSE","","FALSE","TRUE","","TRUE","TRUE","FALSE","","  2 597 ","","1201-ET","Usine Atwater","999, rue Dupuis","Verdun","En mai ","A venir ","","H4G 3L4","","Remplir le formulaire demande d'autorisation d'accès du Site - OBLIGATOIRE","","","Manque tapis porte 28 #1 (long tapis de vinyle 50 pieds )","À FAIRE ENTRE LE 17 ET 28 AVRIL","FALSE","","2","4","","","TRUE","TRUE","FALSE","patrick.vallee@montreal.ca","","","","","","","","","","","","","","","",""
"Édifice","","FALSE","","FALSE","TRUE","","TRUE","TRUE","FALSE","","  891 ","","1181-ET","Ville de Montréal","3705, rue Saint-Patrick","Montréal","En mai ","A venir ","","H4E 1A1","","Remplir le formulaire demande d'autorisation d'accès du Site - OBLIGATOIRE","","","","À FAIRE ENTRE LE 17 ET 28 AVRIL","FALSE","","2","2","","","TRUE","TRUE","FALSE","patrick.vallee@montreal.ca","","","","","","","","","","","","","","","",""
"Résidences","","FALSE","FALSE","FALSE","TRUE","","TRUE","TRUE","FALSE","165","  1 246 ","","1310-ET","Résidence du marché","25, rue du Marché","Ste-Thérèse","En mai ","A venir ","","J7E 5T2","","contacter Louis Philippe ou Yvon : 450-433-6544","","","","","FALSE","","2","3","","","TRUE","TRUE","FALSE","cse@lesresidencesdumarche.com","","1080pc pas bon - neuf feuille de po 1246 pc","","","","","","","","","","","","","",""
"Édifice médical","","FALSE","","FALSE","TRUE","","TRUE","TRUE","FALSE","78","  858 ","","1327-ET","CCRL Laurentides","325, rue du Docteur-Charles-Léonard","St-Jérôme","En mai ","A venir ","","","NE PAS OUBLIER LES AJOUTS DE L'AUTOMME AU 2e ET 3e ÉTAGES","Marie-Gabrielle Beaudry : 514-293-9923 : Stationnement payant sur place","","","","","FALSE","","2","2","","","TRUE","TRUE","FALSE","mgbeaudry@ccrlaurentides.com;mcroizer@ccrlaurentides.com","","manque un tapis à installer au deuxième étage","","","","","","","","","","","","","",""
"Condo","","FALSE","","FALSE","TRUE","","TRUE","TRUE","FALSE","92","  558 ","","1186-ET","Bella Vista Phase I","3625, rue Jean-Gascon","Saint-Laurent","En mai ","A venir ","","H4R 0K6","","1ere semaine d'avril au 12 avril ","","Commencer par le 3625","","","FALSE","","1","1","","","TRUE","TRUE","FALSE","bellavista3625@in.upperbee.com","","COMMENCER PAR CETTE ADRESSE, il y aura un tapis à couper lors de la réinstallation","","","","","","","","","","","","","",""
"Résidences","","FALSE","","FALSE","TRUE","","TRUE","TRUE","FALSE","36","  1 260 ","","1362-ET","Cloria Beloeil","400, rue Serge Pépin","Beloeil","En mai ","A venir ","","","","C'est parfait pour le 13 à 13h00, louis sera sur place pour vous accueillir, 438-498-7024, vous pourrez aussi au besoin, communiquez avec Philippe au 514-250-5456. _ PS SVP ne pas retiré le tapis du hall d'entré,(entre les deux portes) nous tenons à le conservé, vous pourrez discuté des formalités avec Philippe.","","","","","","","","","","","TRUE","TRUE","FALSE","normandstdenis@cloriacite.ca","","","","","","","","","","","","","","","",""
"Résidences","","FALSE","","FALSE","TRUE","","TRUE","TRUE","FALSE","","  1 154 ","","1209-ET","Résidence Vast (tapis pluie?)","300, rue de Murano","Sainte-Julie","En mai ","A venir ","","J3E 0C6","","1ere semaine d'avril","","120PC tapis pluie logo - Inclus dans le service depuis +sieurs années svp penser à facturer pour les années suivantes","","A FAIRE LE PLUS RAPIDEMENT POSSIBLE","FALSE","","2","2","","","TRUE","TRUE","FALSE","cse@residencevast.com","","","","","","","","","","","","","","","",""
"Résidences","","FALSE","","FALSE","TRUE","","TRUE","TRUE","FALSE","50","  760 ","","1314-ET","Cloria cité","3475, Montée Gagnon","Terrebonne","En mai ","A venir ","","","","","","AJOUT POUR LE SERVICE D'ENTRETIEN ","","","","FALSE","","","","","TRUE","TRUE","TRUE","nancycanuel@cloriacite.ca","","","","","","","","","","","","","","","",""
"Commerce","","FALSE","","FALSE","TRUE","","TRUE","TRUE","FALSE","","  367 ","","1329-ET","UV Quartier Villeray","682, rue Jarry Est","Montréal","En mai ","A venir ","","","","","","","","","FALSE","","2","2","","","TRUE","TRUE","FALSE","olivier.parenteau@uvee.ca","","","","","","","","","","","","","","","",""
"Édifice médical","","FALSE","","FALSE","TRUE","","TRUE","TRUE","FALSE","75","  695 ","","1369-ET","CMCL (clinique médico-chirurgicale des Laurentides","305, rue Docteur Charles-Léonard #204","St-Jérôme","En mai ","A venir ","","","","","","","","","","","","","","","TRUE","TRUE","FALSE","mgbeaudry@ccrlaurentides.com;mcroizer@ccrlaurentides.com","","","","","","","","","","","","","","","",""
"Édifice médical","","FALSE","","FALSE","TRUE","","TRUE","TRUE","FALSE","24","  262 ","","1322-ET","Ortho-Laval - Dr. Emmanuel Suissa","1575, boul. de l'Avenir, 3e étage","Laval","En mai ","A venir ","","","","","","","","","FALSE","FALSE","","","FALSE","FALSE","TRUE","TRUE","TRUE","clinique@ortholaval.com","","","","","","","","","","","","","","","",""
"Résidences","","FALSE","","FALSE","TRUE","","TRUE","TRUE","FALSE","","  1 628 ","","1184-ET","Le Savignon","3111, rue Victoria","Lachine","En mai ","A venir ","","H8S 0B1","","","","","5 oct 23 : Seul les sorties d'urgence ont pu être installés car le plancher était plein de savon et il y a avait un évènement à la réception. Tapis laissés au garage intérieur _ Prévoir moulures il en manque beaucoup _ Manque tapis ascenseur 1,3,5 _ Tapis #11 (devant les ascenseur) non installés car la directrice générale à vu une grosse tache ronde, je lui ai montré que c'est de l'usure.","Philippe Croteau 514-634-4646","FALSE","","","","","","TRUE","TRUE","FALSE","cse@lesavignon.com","","","","","","","","","","","","","","","",""
"Édifice","","FALSE","","FALSE","TRUE","","TRUE","TRUE","FALSE","350","","5877","1308-ET","Manuvie","900, boul de Maisonneuve O","Montréal","4 avril","8h-17h","","","","Il a planifié l'entretien ménager ","","","","","FALSE","FALSE","","","FALSE","FALSE","FALSE","TRUE","FALSE","sylvain.cote@jll.com","","J’ai utiliser 5pied de moulure après la première réparation je me suis servie du morceau que j’ai couper pour réparer les autre et il manquait une moulure devans l’asc h que j’ai rajouterJan : ****Manque ascenseur E . Selon Alex tapis pas à l'entrepôt . Est-ce que lorsque l'installation initial l'ascenseur était hors d'usage donc jamais été installé à neuf ? ****J’ai utiliser 5pied de moulure après la première réparation je me suis servie du morceau que j’ai couper pour réparer les autre et il manquait une moulure devans l’asc h que j’ai rajouter","","","","","","","","","","","","","",""
"Édifice","","FALSE","","FALSE","TRUE","","TRUE","TRUE","FALSE","","  1 036 ","","1304-ET","Clinique Quatuor MD - 27e étage","800 rue du Square Victoria","Montréal","10 avril","12h-14h","","","","Furna à la réception","","","","","FALSE","FALSE","","","FALSE","FALSE","TRUE","TRUE","FALSE","paiement@quatuormd.com","","","","","","","","","","","","","","","",""
"Édifice","","FALSE","","FALSE","TRUE","","TRUE","TRUE","FALSE","","  1 847 ","","1175-ET","Allied - Atlantic","400, rue Atlantic","Outremont","15 avril","16h-18h","","H2V 1A5","Edifice vendu, ils vont prendre le service d'entretien","Personne responsable sur place ou code d'accès   INTERCOM :  la touche no 2---- Luis Tampan 514-206.7118
Avons-nous accès à un stationnement  non",""," Tapis à jeter "," Tapis du café laissés sur place, il n'y a plus de restaurant. "," 918 ou 1601 ","FALSE","","2","1","","","TRUE","FALSE","FALSE","lbeaulieu@alliedreit.com","","","","","","","","","","","","","","","",""
"Édifice","","FALSE","","TRUE","TRUE","","FALSE","FALSE","FALSE","","  1 031 ","","1183-ET","Gare Windsor - Etages (Niveau 1-3-4-5-9)","1100, ave Des canadiens ","Montreal ","16 avril","14h-16h","SERVICE D'ENTRETIEN POUR LES ÉTAGES","","","ENLÈVEMENT ET DISPOSITION DU TAPIS RDC SEULEMENT (installation neuve à l'automne)","","","bureaux du 3ieme et 4ieme  de la gare Windsor nous n'avons pas pu les installer,  aucun agent de sécurité disponible pour nous   Manque ascenseur #4. Petit très usé  - Devant les portes du lobby du 1160 Avenue-des-canadiens-de-Montréal / les poches d'air empêchent les portes d'ouvrir et accroche, ce qui fait que le tapis ne va pas durer longtemps / dans la cabine d'ascenseur no.6, le tapis n'a pas été installé - 900 peel manque tapis #2 / Complété sauf intérieur bureau 910 peel 3ieme et 4ieme étage,  pas de gardien disponible.  ","(4510pc réinstallation) CRÉDIT NC-10 - 85pc de moins niveau 1 jamais installé  910 peel ASCENSEUR 6 Hors d'usage,  pas pu retirer le tapis","FALSE","","2","6","","","FALSE","TRUE","FALSE","claudiu.avram@cadillacfairview.com","","13 nov : 900 Peel, pointe du tapis décollé / 910 Peel, pointe de tapis décollé et tapis mal installé et trop long / 1100 av. des Canadiens, ascenseurs 2,3 n'ont pas de tapis. / 1160 av. des Canadiens, tapis mal installé et trop long et il manque un tapis. / Les ascenseurs 5,6,7 manquent les tapis. / niveau 3 suite 300 manque le tapis. / Niveau 4 suite 400 manque le tapis. / Niveau 4 suite 450 manque le tapis. / Niveau 5 manque le tapis. / Niveau 9 suite 900 manque le tapis.  -- ascenseur #8 1100 des canadiens hors d'usage, pas installé. Tapis #8 1160 des Canadiens","","","","","","","","","","","","","",""
"","","FALSE","","FALSE","TRUE","","FALSE","FALSE","FALSE","","  2 675 ","","1251-ET","Tour Deloitte ÉTAGES 5-6-7-8-9-10 et 11","1190, ave des canadiens-de-Montréal","Montréal","17 avril","18h-21h","","","JETEZ LES TAPIS, il y aura une nouvelle installation à l'automne","","","","","","","","","","","","FALSE","FALSE","FALSE","","","","","","","","","","","","","","","","",""
"Édifice","","FALSE","","FALSE","TRUE","","TRUE","TRUE","FALSE","16","  895 ","","1243-ET","Allied Properties","755, rue Berri","Montréal","22 avril","12h-13h","","H2Y 3Y7","","il faut rajouter le 268pc à l’adresse du 755 Berri  (nouvelle quantité 895pc)","","","","","FALSE","","","5","","","TRUE","FALSE","FALSE","dbai@alliedreit.com","","","","","","","","","","","","","","","",""
"Édifice","","FALSE","","FALSE","TRUE","","TRUE","TRUE","FALSE","","  1 246 ","","1317-ET","Allied - 700 rue St-Hubert","700, rue St-Hubert","Montréal","22 avril","13h-14h30","","","","","","","","","FALSE","FALSE","","","FALSE","FALSE","TRUE","FALSE","FALSE","dbai@alliedreit.com","","pas pu installer le 2ieme étage (pas de contact, pas d'accès sans puce ni par les escaliers) Tapis à l'entrepôt.","","","","","","","","","","","","","",""
"Condo","","FALSE","","FALSE","TRUE","","TRUE","TRUE","FALSE","15","  1 023 ","","1357-ET","Maestria Tour B","1210, rue Jeanne-Mance, Montréal","Montréal","23 avril","12h-13h","","À la demande du gestionnaire, le tapis asc9 va être installé dans ascenseur10","","Au 1210, vous pouvez vous stationner en face s’il y a de la place ou au débarcadère à l’arrière. Juste demandé au portier de vous guider.","","","","","","","","","","","TRUE","FALSE","FALSE","antoine.portelance@solutioncondo.com","","","","","","","","","","","","","","","",""
"Condo","","FALSE","","FALSE","TRUE","","TRUE","TRUE","FALSE","50","  1 403 ","","1356-ET","Maestria Tour A","1245, rue Bleury, Montréal","Montréal","23 avril","13h-15h","","","","","","","","","","","","","","","TRUE","FALSE","FALSE","antoine.portelance@solutioncondo.com","","","","","","","","","","","","","","","",""
"","","FALSE","","FALSE","TRUE","","TRUE","TRUE","FALSE","50","  852 ","","1346-ET","Le Gatsby","1200, rue Drummond","Montréal","23 avril","12h-13h","","","","","","","","","","","","","","","TRUE","FALSE","FALSE","catherine.goulet@solutioncondo.com;francesca.vanspall@solutioncondo.com","","","","","","","","","","","","","","","",""
"Commerce","","FALSE","FALSE","FALSE","FALSE","FALSE","FALSE","FALSE","FALSE","","  1 981 ","","1068-ET","Banque de Montréal","129, St-Jacques O","Montréal","24 avril","15h-22h","","","","","","","","","FALSE","","","","","","FALSE","FALSE","FALSE","Vincent.Blais@bgis.com;Julie.Lachapelle@bgis.com","","","","","","","","","","","","","","","",""
"Commerce","","FALSE","FALSE","FALSE","FALSE","FALSE","FALSE","FALSE","TRUE","","  2 126 ","","1070-ET","BMO ","119, St- Jacques O","Montréal","24 avril","15h-22h","","","","","","","","","FALSE","","","","","","FALSE","FALSE","FALSE","Vincent.Blais@bgis.com;Julie.Lachapelle@bgis.com","","","","","","","","","","","","","","","",""
"Commerce","","FALSE","FALSE","FALSE","FALSE","FALSE","FALSE","FALSE","FALSE","","  860 ","","1069-ET","Édifice 105 St-Jacques O","105, St-Jacques O","Montréal","24 avril","15h-22h","","","","","","","","","FALSE","","","","","","FALSE","FALSE","FALSE","Vincent.Blais@bgis.com;Julie.Lachapelle@bgis.com","","","","","","","","","","","","","","","",""
"","","FALSE","FALSE","FALSE","FALSE","FALSE","FALSE","FALSE","FALSE","","  2 019 ","","1372-ET","Google","425, Viger O, 8-9-10-11-12-13e étages","Montréal","26 avril","10h-22h","","","DOIT CHANGER LEUR TAPIS, J'ATTENDS UNE RÉPONSE","","","","","","","","","","","","FALSE","FALSE","FALSE","fournierg@xwf.google.com","","","2019pc","","","","","","","","","","","","",""
"Édifice","","FALSE","","FALSE","TRUE","","TRUE","TRUE","FALSE","35","  4 469 ","","1313-ET","Le Nordelec","1751, rue Richardson","Montréal","30 avril","17h-22h","","","","***NE PAS ENLEVER LES TAPIS D'ASCENSEURS A-B ET F-G","","TOUTES LES TAPIS D'HIVER SUR PLACE","","","FALSE","FALSE","","","FALSE","FALSE","TRUE","FALSE","FALSE","dmartos@alliedreit.com","","pas pu vérifier ascenseur D car hors service","","","","","","","","","","","","","",""
"Condo","","FALSE","","FALSE","TRUE","","TRUE","TRUE","FALSE","","  2 095 ","","0812-ET","Le Sanctuaire,  phase 4","6111, du Boisé","Outremont","","","","H3S 1P1","","","","","","stationnement pour les entrepreneurs/visiteurs : Aimerait à la mi-avril soit un mercredi ou un jeudi.","FALSE","","2","3","","","TRUE","FALSE","FALSE","6111duboise@hotmail.ca","","18 oct Jan : J'ai nettoyé 3 petites taches évidentes avec du liquagel..l'état du reste des tapis ""acceptables "" mise à part quelques gommes . ","","","","","","","","","","","","","",""
"Condo","","FALSE","","FALSE","TRUE","","TRUE","TRUE","FALSE","100","  4 626 ","","1306-ET","SDC 6150 du Boisé","6150, ave du Boisé","Outremont","","","","","","","","","","","FALSE","FALSE","","","FALSE","FALSE","TRUE","TRUE","TRUE","6150duboise@bellnet.ca","","FACTURE 4626pc +100pl moulures     même si 4410pc","","","","","","","","","","","","","",""
"Édifice","","FALSE","","FALSE","TRUE","","TRUE","TRUE","TRUE","","  2 689 ","","1355-ET"," Centre culturel NDG","6400, ave Monkland","Montréal","","","","","","A FAIRE","","","","","","","","","","","TRUE","FALSE","FALSE","irinel-maria.stingaciu@montreal.ca","","","","","","","","","","","","","","","",""
"","","FALSE","","FALSE","TRUE","","TRUE","TRUE","FALSE","70","  1 587 ","","1366-ET","Pôle Ste-Catherine","6080, Place des Cageux, Sainte-Catherine (rue Léo)","","","","","","","","","","","","","","","","","","TRUE","FALSE","FALSE","PatrickGuilbault@cloriacite.ca","","","","","","","","","","","","","","","",""
"Commerce","","FALSE","","FALSE","TRUE","","TRUE","TRUE","FALSE","","  957 ","","1333-ET +1332-ET","West Spa (+pas mettre sur facture Salon Augustin - ) - Salon Augustin","4655, Boul St-Jean, suite 202","Montréal","","","","","","","","A FAIRE   ADRESSE COURRIEL À VÉRIFIER","","","FALSE","","2","2","","","TRUE","FALSE","FALSE","nemco@bell.net","","L’ascenseur n’a pas pu être installé étant donné qu’il était hors service.","","","","","","","","","","","","","",""
"Condo","","FALSE","FALSE","FALSE","TRUE","","TRUE","TRUE","FALSE","","  460 ","","1290-ET","Coop Montagne verte ","1285, St-Jacques","Montreal","","","","","","","","Ils ont oublié ceux du Sous-sol a la sortie des ascenseurs près du garage","","","","","","","","","TRUE","TRUE","TRUE","entretien@coopmontagneverte.com","","","","","","","","","","","","","","","",""
"Condo","","FALSE","","FALSE","TRUE","","TRUE","TRUE","FALSE","","  1 439 ","","1196-ET","SDC La chancellerie du Vieux-Montréal","460, rue du Champ de Mars","Montréal","","","","H2Y 1B4","N'ont pas été installés à l'automne 2025","","","","","Code de la boîte à clés 2140 autre boite 5286","FALSE","","2","4","","","FALSE","FALSE","FALSE","gnuckle@lecsor.com","","1025 code du lock box fournisseur","","","","","","","","","","","","","",""
"Édifice","","FALSE","","FALSE","TRUE","","TRUE","TRUE","FALSE","","  446 ","","1288-ET","CHSLD Val des Brises","3155, boul. Michel-Ange","Laval","","","","H7E 0J1","","","","","","","","","","","","","TRUE","TRUE","FALSE","mclavoie@alcovicapital.com","","","","","","","","","","","","","","","",""
"Édifice médical","","FALSE","","FALSE","TRUE","","TRUE","TRUE","FALSE","","  528 ","","0968-ET","Clinique Chirurgicale de Laval","4650, desserte S, Autoroute 440","Laval","","","","H7T 2Z8","","","","Tapis arrière n'a pas été enlevé car trop de choses dessus","Surcharge de 25$ par client pour changement d'horaire fait le même jour","Tapis déjà lavé et roulé, seulement les entreposer.","FALSE","","1","1","","","TRUE","FALSE","FALSE","daniele.lanthier@cmslaval.com","","","","","","","","","","","","","","","",""
"Bureau","","FALSE","","FALSE","TRUE","","TRUE","TRUE","FALSE","","  196 ","","1354-ET","Clinique Dr. Barolet","3333, 100e Avenue, 2e étage","Laval","","","","","","TRES TÔT LE MATIN OU LE VENDREDI EN APRÈS-MIDI","","","","","","","","","","","TRUE","FALSE","FALSE","comptes@clinique-barolet.com","","","","","","","","","","","","","","","",""
"Édifice médical","","FALSE","","FALSE","TRUE","","TRUE","TRUE","FALSE","10","  318 ","","1368-ET","CEOM","4670, desserte Sud 440, local 110","Laval","","","","","","","","","","","","","","","","","TRUE","FALSE","FALSE","daniele.lanthier@cmslaval.com","","","","","","","","","","","","","","","",""
"Édifice médical","","FALSE","","FALSE","TRUE","","TRUE","TRUE","FALSE","","  1 014 ","","1279-ET","Académie Lavalloise","5290, boul. des Laurentides","Laval","","","","H7K 2J8","","La personne responsable sera Mme Patrizia à la réception.","","","J'ai dû couper des tapis car les portes ne fermaient plus et aux extrémités car les tapis ont rallongés","","","","","","","","TRUE","FALSE","FALSE","anthony.lacopo@academielavalloise.com","","","","","","","","","","","","","","","",""
"Condo","","FALSE","","FALSE","TRUE","","TRUE","TRUE","FALSE","","  400 ","","1238-ET","Cours Centrale Phase 2","2910, Edouard Montpetit","Laval","","","","H7T 2T5","","2 grosses taches sur les tapis, 1 dans l'entrée et l'autre dans le garage","","","","M. Jad Mammo membre du syndicat va être sur place. Il pourra vous donner accès à l’immeuble son numéro +1 (514) 632-6450 
Oui vous avez accès au stationnement extérieur devant l’immeuble.
alain Maksoud 514-865-4897  Condo 601","FALSE","","","4","","","TRUE","TRUE","FALSE","sslax@hotmail.com","","","","","","","","","","","","","","","",""
"Résidences","","FALSE","","FALSE","TRUE","","TRUE","TRUE","FALSE","","  1 520 ","","0960-ET","Résidence Station Est","4800, rue Contrecoeur, Montréal","Montréal","","","","","","","","","","","FALSE","","2","3","","","TRUE","TRUE","FALSE","cse@residencestationest.com","","**il manquait des moulures, 1 boîte neuve utilisée ***","","","","","","","","","","","","","",""
"Édifice médical","","FALSE","","FALSE","TRUE","","TRUE","TRUE","FALSE","","  720 ","","0964-ET","Centre de médecine sportive","4650, desserte S, Autoroute 440","Laval","","","","H7T 2Z8","","","","","","Entreposage seulement","FALSE","","2","2","","","TRUE","FALSE","FALSE","daniele.lanthier@cmslaval.com","","","","","","","","","","","","","","","",""
"Condo","","FALSE","","FALSE","TRUE","","TRUE","TRUE","FALSE","","  658 ","","1231-ET","Le Maritime","3040, boul. Lévesque Ouest","Laval","","","","H7V 2G3","","Sylvain Laliberté 514-979-9208","","","","Nathalie Mora 514-984-6206","FALSE","","","","","","TRUE","FALSE","FALSE","maritime1@videotron.ca","","","","","","","","","","","","","","","",""
"Condo","","FALSE","","FALSE","TRUE","","TRUE","TRUE","FALSE","65","  962 ","","1234-ET","SDC du Boisé de la Colline","24, rue Bates","Outremont","","","","H2V 1A8","","Choucri Craissati 514-236-5515: stationnement OUI","","This is not good service.","surcharge 3 h installation (comme neuf) Installation presque neuf le gars il a modifié toute l’entrée et la mezzanine (toutes les tapis j’ai les modifier avec les changements ça me pris 6.30h seul )   COUPER DES TAPIS SUITE AUX RÉNOVATIONS (DOMINIC)","Nous allons rénover notre Hall d’entrée à partir du 13 mars 2023. Est-ce que vous pouvez venir au plus tard le 10 mars pour retirer les tapis et les entreposer ?","FALSE","","","10","","","TRUE","FALSE","FALSE","conseilbdc@gmail.com","","","","","","","","","","","","","","","",""
"Résidences","","FALSE","","FALSE","TRUE","","TRUE","TRUE","FALSE","257","  1 941 ","","1297-ET","Les verrières du Golf","2400, rue des Nations, Saint-Laurent","Montréal","","","","","","","","","","","","","","","","","TRUE","FALSE","FALSE","cse@lesverrieresdugolf.com","","","","","","","","","","","","","","","",""
"Édifice","","FALSE","","FALSE","TRUE","","FALSE","TRUE","FALSE","","  669 ","","1245-ET","Héma-Québec","16 993 Transcanadienne ","Kirkland","","","","H4R 2W7","","","","","","","FALSE","","","7","","","TRUE","FALSE","FALSE","Eric.Gervais@hema-quebec.qc.ca","","","","","","","","","","","","","","","",""
"Condo","","FALSE","","FALSE","TRUE","","TRUE","TRUE","FALSE","96","  642 ","","1185-ET","Bella Vista Phase II","3655, rue Jean Gascon","Saint-Laurent","","","","H4R 0K6","","1ere semaine d'avril au 12 avril ","","","","","FALSE","","1","2","","","TRUE","FALSE","FALSE","jp@bv3655.ca","","","","","","","","","","","","","","","",""
"Édifice médical","","FALSE","","FALSE","TRUE","","TRUE","TRUE","FALSE","43","  265 ","","0786-ET","Clinique Uniderma","1575, boul. de l'Avenir","Laval","","","","H7S 2N5","","450 629-3375 sera sur place à partir de 7h","","***COMMENCER PAR LA CLINIQUE EN PREMIER LE 7 MAI***","","","FALSE","","1","1","","","TRUE","FALSE","FALSE","drejodoin@uniderma.ca","","","","","","","","","","","","","","","",""
"Édifice médical","","FALSE","","FALSE","TRUE","","TRUE","TRUE","FALSE","","  1 597 ","","1350-ET","Orchard House","4176, boulevard Grand Montréal","Montréal","","","","","Ajouter le sous-sol","","","","","","","","","","","","TRUE","FALSE","FALSE","yasmine@orchard-house.ca","","","","","","","","","","","","","","","",""
"Résidences","","FALSE","","FALSE","TRUE","","FALSE","FALSE","FALSE","121","  1 836 ","","1324-ET","Quartier Mont Saint-Hilaire","330, Honorious-Charbonneau","St-Hilaire","","","","","ENTREPOSER LES TAPIS CHEZ LE CLIENT","Prendre une photo du tapis qui gondole dans le corridor qui mêne aux bureaux administratifs","","Ascenseur 3 pas enlevé travaux en cours","","","FALSE","FALSE","","","FALSE","FALSE","TRUE","FALSE","FALSE","dg@lequartiermontsainthilaire.com","","tapis 9, 10 , 11 et asc2 installés suite aux rénovations d'automne. Asc1 pas installé car toujours pas réparé depuis septembre. Les tapis et moulures étaient entreposés sur place, les moulures n'étaient plus là (moulures brunes) . Tapis asc1 laissé sur place pour que le concierge installe lui-même (dans local à déchets au ss)","","","","","","","","","","","","","",""
"Résidence","","FALSE","","FALSE","TRUE","","TRUE","TRUE","FALSE","23","  879 ","","1195-ET","Cloria Vallée du Richelieu","4305, chemin du Crépuscule","Beloeil","","","","J3G 0R2","","","","","Bonjour, je suis la personne ressource pour Cloria Vallée du Richelieu _ Normand St-Denis, vous pouvez aussi inscrire Mr. Philippe Turcotte 514-250-5456 au philippeturcotte@cloriacite.ca ,","787+92  -  louraymond@cloriacite.ca","FALSE","","2","2","","","TRUE","FALSE","FALSE","normandstdenis@cloriacite.ca","","","","","","","","","","","","","","","",""
"Condo","","FALSE","","FALSE","TRUE","","TRUE","TRUE","FALSE","50","  600 ","","0969-ET","Les Pignons sur le Fleuve","8065, rue St-Laurent","Brossard","","","","J4X 2A1","","","","","","Nos tapis d'hiver ont été enlevés aujourd'hui. Ils seront à remplacer à l'automne 2023 sauf celui de l'ascenseur qui est plus récent.    Le camion pourra se stationner devant la porte centrale le long du trottoir.","FALSE","","2","1","","","TRUE","FALSE","FALSE","administration2@immoplex.com","","","","","","","","","","","","","","","",""
"","","FALSE","","FALSE","TRUE","","TRUE","TRUE","FALSE","16","  190 ","","1268-ET","Héma-Québec","7, place du Commerce","Brossard","","","","","","","","","","","","","","","","","TRUE","FALSE","FALSE","Eric.Gervais@hema-quebec.qc.ca","","","","","","","","","","","","","","","",""
"","","FALSE","","FALSE","TRUE","","TRUE","TRUE","FALSE","75","  387 ","","1267-ET","Globule DIX30","1520, ave des Lumières local 15,","Brossard","","","","","","","","","","","","","","","","","TRUE","FALSE","FALSE","Eric.Gervais@hema-quebec.qc.ca","","","","","","","","","","","","","","","",""
"Commerce","","FALSE","","FALSE","TRUE","","TRUE","TRUE","FALSE","","  910 ","","1315-ET","CPE Pierre-Boucher","1200, chemin du Tremblay","Longueuil","","","","","","","","À FAIRE, LE CLIENT A DEMANDÉ LE SERVICE À L'ACHAT DE CES TAPIS","","","FALSE","FALSE","","","FALSE","FALSE","TRUE","FALSE","FALSE","Jacynthe.Dagenais@cpepierreboucher.com","","","","","","","","","","","","","","","",""
"Commerce","","FALSE","","FALSE","TRUE","","TRUE","TRUE","FALSE","16","  734 ","","1315-ET","CPE Pierre-Boucher","1450, Curé-Poirier E","Longueuil","","","","","","","","","","","FALSE","FALSE","","","FALSE","FALSE","TRUE","FALSE","FALSE","Jacynthe.Dagenais@cpepierreboucher.com","","","","","","","","","","","","","","","",""
"Commerce","","FALSE","","FALSE","TRUE","","TRUE","TRUE","FALSE","12","  754 ","","1315-ET","CPE Pierre-Boucher","2070, rue Marie-Victorin","Longueuil","","","","","","","","","","","FALSE","FALSE","","","FALSE","FALSE","TRUE","FALSE","FALSE","Jacynthe.Dagenais@cpepierreboucher.com","","***2070 boulevard Marie victorin Longueuil pas fait car à l'agenda c'était 2070 rue Marie Victorien , Saint Bruno de Montar ville.. Je me suis rendu pour rien****","","","","","","","","","","","","","",""
"Condo","","FALSE","","FALSE","TRUE","","TRUE","TRUE","FALSE","","  814 ","","1294-ET","Les Cours d'Outremont","970, ave McEachran","Outremont","","","","","","Code boit à clefs : 2029","","","PAYÉ","La personne qui peut vous donner les accès est Madame BOSSE (514) 824-6163.
Est-ce que tu peux le faire en même temps que Northcrest la semaine prochaine ? Annie Bonnard 514-564-2200","","","","","","","TRUE","FALSE","FALSE","","","","","","","","","","","","","","","","",""
"Résidences","","FALSE","","FALSE","TRUE","","TRUE","TRUE","FALSE","220","  2 335 ","","0955-ET","Résidence LE22","4400, rue Jean-Talon Est","Montréal","","","Nathalie","H1S 0C5","","Personne responsable : Nathalie GagnonStationnement : oui : 438-403-1760","","","Manque tapis #10, gros tapis beige sans nom à l'entrepôt. Attendre avant de planifier l'installation, le client va appeler solatech car nous n'allons peut-être pas installer..le tapis est très usé et nuis au personnel de la cuisine","Si camion pas trop gros, possibilité d’une place a l’intérieur sinon, devant la Résidence.  -  Michel Joncas 514-372-3838","FALSE","","","","","","TRUE","FALSE","FALSE","cse@residencele22.com","","","","","","","","","","","","","","","",""
"Édifice médical","","FALSE","","FALSE","TRUE","","TRUE","TRUE","FALSE","","  295 ","","1270-ET","Héma-Québec","7, boul. des Promenades","St-Bruno","","","","J3V 5J5","","","","NE PAS JETER LES TAPIS, ILS SONT NEUFS","","","","","","","","","TRUE","FALSE","FALSE","Eric.Gervais@hema-quebec.qc.ca",""," Les tapis de l'aile gauche pas installés cause rénovation ainsi que les ascenseur 1 et 2 - Nous avons laisser les tapis sur place + tape à la demande du concierge.- 5631pc pas bon feuille de pose neuf 5654+200pl moulures","","","","","","","","","","","","","",""
"Édifice médical","","FALSE","","FALSE","TRUE","","TRUE","TRUE","FALSE","260","  1 193 ","","1264-ET","Héma-Québec","4300, rue Garand, Saint-Laurent","Montréal","","","","","","","","","","","","","","","","","TRUE","FALSE","FALSE","Eric.Gervais@hema-quebec.qc.ca","","","","","","","","","","","","","","","",""
"Édifice médical","","FALSE","","FALSE","TRUE","","TRUE","TRUE","FALSE","","  530 ","","0981-ET","Traditours","1575, de l'Avenir","Laval","","","","H7S 2N5","","","","","","","FALSE","","1","1","","","TRUE","FALSE","FALSE","info@traditours.com","","","","","","","","","","","","","","","",""
"Condo","","","","FALSE","TRUE","","TRUE","TRUE","FALSE","10","  833 ","","1276-ET","SDC 1800 Angrignon","1800, boul. Angrignon","Montréal","","","","H8N 0B8","durant la semaine du 23 avril (sauf le 27, car déménagement prévu)","514 922 6174. appeler Michel pour le code","","","","Vous pouvez avoir accès à un stationnement extérieur","","","","","","","TRUE","TRUE","TRUE","minacio@immoplex.com","","","","","","","","","","","","","","","",""
"Condo","","FALSE","","FALSE","TRUE","","TRUE","TRUE","FALSE","","  183 ","","1358-ET","Copropriété 4647 Coloniale","4647, rue Coloniale","Montréal","","","","","","Il faut sonner au numéro 204 qui vous ouvrira. (adresse de l'immeuble 4647 av coloniale, Montreal, H2t1W1)
Nous n’avons pas de stationnement, c’est dans la rue directement.","","","","","","","","","","","TRUE","FALSE","FALSE","copro4647coloniale@gmail.com","","","","","","","","","","","","","","","",""
"Édifice médical","","FALSE","","FALSE","TRUE","","TRUE","TRUE","FALSE","16","  111 ","","1265-ET","Globule Place Vessailles","7275, rue Sherbrooke Est, Montréal","Montréal-Est ","","","","","","jour et heure exacte  a venir ","","","","","","","","","","","TRUE","FALSE","FALSE","Eric.Gervais@hema-quebec.qc.ca","","","","","","","","","","","","","","","",""
"","","FALSE","","FALSE","TRUE","","TRUE","TRUE","FALSE","40","  230 ","","1266-ET","Globule Centre Laval","1600, boul. le Corbusier","Laval","","","","","","","","","","","","","","","","","TRUE","FALSE","FALSE","Eric.Gervais@hema-quebec.qc.ca","","","","","","","","","","","","","","","",""
"Édifice","","FALSE","","FALSE","TRUE","","TRUE","TRUE","FALSE","","","","1377-ET","Place Charles Lemoyne","100, place St-Charles","Longueuil","","","","","","","","","","","","","","","","","FALSE","FALSE","FALSE","","","","","","","","","","","","","","","","",""
"","","","","","","","","","","","","","","","","","","","","","","","","","","","FALSE","","","","","","FALSE","FALSE","FALSE","","","","","","","","","","","","","","","","",""
"","","","","","","","","","","","","","","","","","","","","","","","","","","","FALSE","","","","","","FALSE","FALSE","FALSE","","","","","","","","","","","","","","","","",""
"","","","","","","","","","","","","","","","","","","","","","","","","","","","FALSE","","","","","","FALSE","FALSE","FALSE","","","","","","","","","","","","","","","","",""
"Condo","","FALSE","","FALSE","TRUE","","TRUE","TRUE","FALSE","","  1 315 ","","1165-ET","Northcrest - SDC6301 (tapis pluie?)","6301 rue Northcrest","Outremont","","","","H3S 2W3","LIVRER LES TAPIS DE PLUIE SEULEMENT, PAS D'ENLÈVEMENT","","","Tapis permanent à changer courriel envoyé 11 avril   Installer les tapis de pluie","Ascenseur LM pas installé, hors fonction tapis laisser sur place  FAIT","entretien@syndicatnorthcrest.ca     Paul 514-773-4660","FALSE","","2","2","","","FALSE","FALSE","FALSE","gestionnaire@syndicatnorthcrest.ca","","","","","","","","","","","","","","","",""
"Condo","","FALSE","","FALSE","TRUE","","TRUE","TRUE","FALSE","","  759 ","","1166-ET","Northcrest - SDC6300 (tapis pluie?)","6300 rue Northcrest","Outremont","","","","H3S 2W3","LIVRER LES TAPIS DE PLUIE SEULEMENT, PAS D'ENLÈVEMENT","","","Tapis permanent à changer courriel envoyé 11 avril","","entretien@syndicatnorthcrest.ca     Paul 514-773-4660","FALSE","","2","1","","","FALSE","FALSE","FALSE","gestionnaire@syndicatnorthcrest.ca","","","","","","","","","","","","","","","",""
"Édifice","","FALSE","","FALSE","TRUE","","TRUE","","FALSE","","  1 923 ","","1189-ET","Musée Pointe-à-Callière","350, Place Royale","Montréal","","","","H2Y 3Y5","","Pas de nettoyage de tapis: Stationnement la rue de la commune livraison
Personne responsable Suleyman (demandez à la sécurité)","","","","Diminué PC pour retrait et nettoyage déja fait : tout l'éperon (sont roulés et numérotés) 1923pc originalement  Sur la rue de la Commune (place de livraison quoi de chargement, à côté de l’édifice L’éperon)","FALSE","","2","3","","","FALSE","FALSE","FALSE","Isabelle.Vermette@gdi.com","","","","","","","","","","","","","","","",""
"Édifice","","FALSE","","FALSE","TRUE","","TRUE","TRUE","FALSE","6","  765 ","","1311-ET","Caserne place d'Youville","335 Place d'Youville","Montréal","","","","","","","","OUI - Peux-tu le faire en même temps que le musée ?","","","FALSE","FALSE","","","FALSE","FALSE","FALSE","FALSE","FALSE","Sandra.Lopez@gdi.com; Francisco.Meneses@gdi.com","","","","","","","","","","","","","","","",""
"Édifice","","FALSE","","FALSE","TRUE","","TRUE","","FALSE","","  810 ","","1349-ET","Allied- Édifice 3510 St-Laurent","3510 boul. St-Laurent","Montréal","","","","","Changement de propriétaire","","","","","","","","","","","","FALSE","FALSE","FALSE","lbeaulieu@alliedreit.com","","","","","","","","","","","","","","","",""
"Édifice","","FALSE","","FALSE","TRUE","","TRUE","TRUE","FALSE","","  917 ","","1348-ET","Allied - Édifice 3530 St-Laurent (SS1, SS"" + asc.)","3530 boul. St-Laurent","Montréal","","","","","Changement de propriétaire","","","","","","","","","","","","FALSE","FALSE","FALSE","lbeaulieu@alliedreit.com","","","","","","","","","","","","","","","",""
"","","FALSE","","","","","","","FALSE","","","","","","","","","","","","","","","","","","","","","","","","FALSE","","FALSE","","","","","","","","","","","","","","","","",""
"","","FALSE","","","","","","","FALSE","","","","","","","","","","","","","","","","","","","","","","","","FALSE","","FALSE","","","","","","","","","","","","","","","","",""
"","","FALSE","","","","","","","FALSE","","","","","","","","","","","","","","","","","","","","","","","","FALSE","","FALSE","","","","","","","","","","","","","","","","",""
"","","FALSE","","","","","","","FALSE","","","","","","","","","","","","","","","","","","","","","","","","FALSE","","FALSE","","","","","","","","","","","","","","","","",""
"","","FALSE","","","","","","","FALSE","","","","","","","","","","","","","","","","","","","","","","","","FALSE","","FALSE","","","","","","","","","","","","","","","","",""
"","","FALSE","","","","","","","FALSE","","","","","","","","","","","","","","","","","","","","","","","","FALSE","","FALSE","","","","","","","","","","","","","","","","",""
"","","FALSE","","","","","","","FALSE","","","","","","","","","","","","","","","","","","","","","","","","FALSE","","FALSE","","","","","","","","","","","","","","","","",""
"","","FALSE","","","","","","","FALSE","","","","","","","","","","","","","","","","","","","","","","","","TRUE","","FALSE","","","","","","","","","","","","","","","","",""
"","","FALSE","","","","","","","FALSE","","","","","","","","","","","","","","","","","","","","","","","","FALSE","","FALSE","","","","","","","","","","","","","","","","",""
"","","FALSE","","","","","","","FALSE","","","","","","","","","","","","","","","","","","","","","","","","FALSE","","FALSE","","","","","","","","","","","","","","","","",""
"","","FALSE","","","","","","","FALSE","","","","","","","","","","","","","","","","","","","","","","","","FALSE","","FALSE","","","","","","","","","","","","","","","","",""
"","","FALSE","","","","","","","FALSE","","","","","","","","","","","","","","","","","","","","","","","","FALSE","","FALSE","","","","","","","","","","","","","","","","",""
"","","FALSE","","","","","","","FALSE","","","","","","","","","","","","","","","","","","","","","","","","FALSE","","FALSE","","","","","","","","","","","","","","","","",""
"","","FALSE","","","","","","","FALSE","","","","","","","","","","","","","","","","","","","","","","","","FALSE","","FALSE","","","","","","","","","","","","","","","","",""
"","","FALSE","","","","","","","FALSE","","","","","","","","","","","","","","","","","","","","","","","","FALSE","","FALSE","","","","","","","","","","","","","","","","",""
"","","FALSE","","","","","","","FALSE","","","","","","","","","","","","","","","","","","","","","","","","FALSE","","FALSE","","","","","","","","","","","","","","","","",""
"","","FALSE","","","","","","","FALSE","","","","","","","","","","","","","","","","","","","","","","","","FALSE","","FALSE","","","","","","","","","","","","","","","","",""
"","","FALSE","","","","","","","FALSE","","","","","","","","","","","","","","","","","","","","","","","","FALSE","","FALSE","","","","","","","","","","","","","","","","",""
"","","FALSE","","","","","","","FALSE","","","","","","","","","","","","","","","","","","","","","","","","FALSE","","FALSE","","","","","","","","","","","","","","","","",""
"","","FALSE","","","","","","","FALSE","","","","","","","","","","","","","","","","","","","","","","","","FALSE","","FALSE","","","","","","","","","","","","","","","","",""
"","","FALSE","","","","","","","FALSE","","","","","","","","","","","","","","","","","","","","","","","","FALSE","","FALSE","","","","","","","","","","","","","","","","",""
"","","FALSE","","","","","","","FALSE","","","","","","","","","","","","","","","","","","","","","","","","FALSE","","FALSE","","","","","","","","","","","","","","","","",""
"","","FALSE","","","","","","","FALSE","","","","","","","","","","","","","","","","","","","","","","","","FALSE","","FALSE","","","","","","","","","","","","","","","","",""
"","","FALSE","","","","","","","FALSE","","","","","","","","","","","","","","","","","","","","","","","","FALSE","","FALSE","","","","","","","","","","","","","","","","",""
"","","FALSE","","","","","","","FALSE","","","","","","","","","","","","","","","","","","","","","","","","FALSE","","FALSE","","","","","","","","","","","","","","","","",""
"","","","","","","","","","","","","","","","","","","","","","","","","","","","","","","","","","FALSE","","FALSE","","","","","","","","","","","","","","","","",""
" ","","","","","","","","","","","","","","","","","","","","","","","","","","","","","","","","","","","","","","","","","","","","","","","","","","","",""