"","","","","","","","","","","1220","875","","345","","","","","","","","","","","","","","","",""
"","","# Référence Mat Tech","Numéro de commande Solathèque ","","Description des rouleaux","Projet ","","","","","","","","","","","","","","","","","","","","","","",""
"","","OR00067132","11075-Q-1","1","Needle Pin Beige 4' x 68' ","Orchard House","23 octobre 2025","23 octobre 2025","TRUE","75","","","","","","","","","","","","","","","","","","",""
"","","OR00065743","10976-F-1","4","Triathlon 6'","Terminus Carrefour Laval","23 octobre 2025","23 octobre 2025","TRUE","375","","","","","","","","","","","","","","","","","","",""
"","","OR00065744","10977-F-1","10","Triathlon, 3' 4'  et 6'","Station Métro Cartier","23 octobre 2025","23 octobre 2025","TRUE","","375","","","","","","","","","","","","","","","","","",""
"","","OR00065745","10978-F-1","9","Triathlon , 3' 4' et 6'","Station Montmorency","23 octobre 2025","23 octobre 2025","TRUE","","","","","","","","","","","","","","","","","","","",""
"","","OR00067286","11080-Q-1","2","Needle Pin 6'x 16' + 3'x34'","5201 Jeanne d'Arc ","30 octobre 2025","30 octobre 2025","TRUE","25","","","","","","","","","","","","","","","","","","",""
"","","OR00067262","1370-ET-2","6","Empire 6'x60'","Stock Solathèque","30 octobre 2025","30 octobre 2025","TRUE","150","250","","","","","","","","","","","","","","","","","",""
"","","OR00067348","1370-ET-3","2","Marathon 60' x 6'","CHU Ste-Justine","4 novembre 2025","10 novembre 2025","TRUE","50","","","","","","","","","","","","","","","","","","",""
"","","OR00067546","11066-Q-1","2","Needle pin 60 x 6 + 44' x 6","Centre Greene","4 novembre 2025","10 novembre 2025","TRUE","44","","","","","","","","","","","","","","","","","","",""
"","","OR00067542","1370-ET-4","10","Dura dot 82 x 6'6'' ","Stock Solathèque","6 novembre 2025","10 novembre 2025","TRUE","350","250","","","","","","","","","","","","","","","","","",""
"","","OR00067466","11100-F","10","Empire","Gare Windsor","","11 novembre 2025","TRUE","","","","","","","","","","","","","","","","","","","",""
"","","OR00062821","1370-ET-6","6","Empire 6'x60'","Stock Solathèque","2 décembre 2025","5 décembre 2025","FALSE","151","","","","","","","","","","","","","","","","","","",""
"","","","","","","","","","FALSE","","","","","","","","","","","","","","","","","","","",""
"","","","","","","","","","FALSE","","","","","","","","","","","","","","","","","","","",""
"","","","","","","","","","FALSE","","","","","","","","","","","","","","","","","","","",""