" ","BLANC :  à confimer","","","","","","","","","","","","","BLEU : mettre à l'horaire","","VERT : courriel à envoyer","","","","GRIS : travail fait, à / ou facturé","","","","","","","","","","","","","","","NOUVEAU 2023","","","FALSE","FALSE","FALSE","","","","FALSE","","","","","","","","","","","",""
"","FAC/DEVIS _ ASP_retrait","","","","","","","","","","","",""," # Projet"," Noms"," Adresse","Ville","","Heures","Contact sur les lieux ou code accès - stationnement remorque","Commentaires - printemps 2024","Commentaires - Automne 2023","Commentaires - Printemps 2023","Code Postal","","","","","","","","","","","Courriel","Détail des tapis","Fact #","","","","Ajustement à faire","Ajustement à faire 2020","","","","","","","","","","","","","",""
"Édifice","","TRUE","FALSE","","FALSE","TRUE","TRUE","","FALSE","FALSE","","  2 675 ","","1251-ET","Facility Tour Deloitte ","115 Saint-Antoine ","Montréal ","12 juillet","13-14h","Jean-Pierre  514 592 9119","INSTALLER LES TAPIS DE PLUIE 12 juillet 2024","Paul André Rivest qui assurait la coordination ne pourra plus le faire. Je serai votre point de contact pour le moment Soh Seppowo Martin Gabriel","5e ÉTAGE AVEC UN TAPE VERT *** plancher de pierre.  À FAIRE UN LUNDI OU VENDREDI À PARTIR DE 16H - RÉINSTALLER 2 TAPIS AU ","","FALSE","","","","","","TRUE","TRUE","FALSE","TRUE","jvenne@deloitte.ca","","","FALSE","FALSE","FALSE","","","","FALSE","","","","","","","","","","","",""
"","","","","","","","","","","","","  41 444 ","5877","  47 321 ","20348,03","18928,4"," $ 39 276,43 ","","","","","","","","FALSE","FALSE","","","FALSE","FALSE","FALSE","FALSE","FALSE","FALSE","","","","","","","","","","","","","","","","","","","","","",""
"","","","","","","","","","","","","","","","","","","","","","","","","","FALSE","FALSE","","","FALSE","FALSE","FALSE","FALSE","FALSE","FALSE","","","","","","","","","","","","","","","","","","","","","",""
"Édifice","","TRUE","FALSE","2830","FALSE","TRUE","FALSE","2916","TRUE","TRUE","","  765 ","","1311-ET","Caserne place d'Youville","335 Place d'Youville, Montréal","","15 avr.","11-16h","Isabelle","OUI - Peux-tu le faire en même temps que le musée ?","","","","FALSE","FALSE","","","FALSE","FALSE","TRUE","TRUE","FALSE","FALSE","","","","","","","","","","","","","","","","","","","","","",""
"Édifice","","TRUE","FALSE","2839","FALSE","TRUE","FALSE","2916","TRUE","TRUE","","1246","","1317-ET","Allied - 700 rue St-Hubert","700 rue St-Hubert, Montréal","","3 mai","11h30-13h","Dario Ercolano  514-868-9002","","","","","FALSE","FALSE","","","FALSE","FALSE","TRUE","TRUE","FALSE","FALSE","dercolano@alliedreit.com","","","","","","","","","","","","","","","","","","","","",""
"Condo","","TRUE","FALSE","2821","FALSE","TRUE","FALSE","2916","TRUE","TRUE","","  4 626 ","","1306-ET","SDC 6150 du Boisé","6150 du Boisé","","5 avril","7h45-13h45","Liuba Chilaru  514-340-1582","","","","","FALSE","FALSE","","","FALSE","FALSE","TRUE","TRUE","FALSE","FALSE","6150duboise@bellnet.ca","","","","","","","","","","","","","","","","","","","","",""
"Édifice","","TRUE","FALSE","2830","FALSE","TRUE","FALSE","2916","TRUE","TRUE","","  4 469 ","","1313-ET","Le Nordelec","1751, rue Richardson","","15 avril","17-21h","Jason Campbell  514-868-9002","TOUTES LES TAPIS D'HIVER SUR PLACE","","","","FALSE","FALSE","","","FALSE","FALSE","TRUE","TRUE","FALSE","FALSE","jcampbell@alliedreit.com","","","","","","","","","","","","","","","","","","","","",""
"Édifice","","TRUE","FALSE","2831","FALSE","TRUE","FALSE","2916","TRUE","TRUE","","","5393","1307-ET","1001 Robert-Bourrassa","700, rue de la Gauchetière","","21 avril","11-21h","Shona Tep","","","","","FALSE","FALSE","","","FALSE","FALSE","TRUE","TRUE","FALSE","FALSE","step@alliedreit.com","","","","","","","","","","","","","","","","","","","","",""
"Édifice","","TRUE","FALSE","2838","FALSE","TRUE","FALSE","2916","TRUE","TRUE","329,6","  14 553 ","1192","1312-ET","Place Victoria","800, rue du Square Victoria","","","11-21h","Jennifer Tousignant","","","","","FALSE","FALSE","","","FALSE","FALSE","TRUE","TRUE","FALSE","FALSE","jtousignant@groupepetra.com","","","","","","","","","","","","","","","","","","","","",""
"Bureau","","TRUE","FALSE","2888","FALSE","TRUE","TRUE","2916","TRUE","TRUE","","","638","1321-ET","Gestion Sandanna","1, Westmount Square, bureau 2000","Montréal","29 mai","14-16h","Nathalie Bécot  514-937-7741 p4640","à partir de 6h00 am","","","","FALSE","","2","2","","","TRUE","FALSE","FALSE","FALSE","nbecot@peloquinkattan.com","","","","","","","","","","","","","","","","","","","","",""
"Édifice","","TRUE","FALSE","2839","FALSE","TRUE","TRUE","2916","FALSE","FALSE","","  394 ","","0782-ET","Bernard et Brassard #300","2265, boul. Fernand-Lafontaine","Longueuil","29 avril","16h-16h45","réceptionniste, Mme Danielle Boisvert, au 3e étage;","La cliente demande à ce qu’il y ai toujours du tape vert où il y a le plancher de bois, puisque sinon ça enlève la pellicule de protection transparente sur le bois.","","Il est à noter que nous avons des tapis à retirer sur les 2 étages (3e et 4e) de nos bureaux et qu’il ne faudrait pas oublier cette année de retirer le tapis qui se trouve dans le vestiaire du 4e étage. - Geneviève PIcard 450-321-0257","J4G 2R8","FALSE","","1","1","","","TRUE","TRUE","FALSE","FALSE","Gpicard@bernard-brassard.com","","","FALSE","FALSE","FALSE","","","","FALSE","","","","","","","","","","","",""
"Édifice","","FALSE","FALSE","2888","TRUE","TRUE","TRUE","2916","TRUE","TRUE","","  354 ","","1267-ET","Héma-Québec, Dix-30 -  #30","9370, boul. Leduc","Brossard","24 mai","16h-17h","2023 : nettoyer en entrepôt + entreposage   Michel Grenier au 438-867-0951 ou Sylvain Lalonde (514) 266-3972","JETER LES TAPIS","","","J4Y 0B3","FALSE","","1","1","","","TRUE","FALSE","FALSE","FALSE","JeanGauthier.Kouadjo@hema-quebec.qc.ca","","","FALSE","FALSE","TRUE","","","","FALSE","","","","","","","","","","","",""
"Édifice","","TRUE","FALSE","2830","FALSE","TRUE","FALSE","2916","TRUE","TRUE","","  5 654 ","","1309-ET","upa longeuil ","555, boul. Roland-Therrien","Longueuil","19 avr.","11h-16h","Hélène Charbonneau 450-679--0540","","","","","FALSE","FALSE","","","FALSE","FALSE","TRUE","TRUE","FALSE","FALSE","hcharbonneau@upa.qc.ca","","","","","","","","","","","","","","","","","","","","",""
"Édifice","","TRUE","FALSE","2909","TRUE","TRUE","TRUE","2916","TRUE","TRUE","","  1 004 ","","1213-ET","Centre d'intégration Scolaire","8844, rue Notre-Dame Est","Montréal","21 juin","","Sylvain Langlois","","","","H1L 3M4","FALSE","","2","2","","","TRUE","FALSE","FALSE","FALSE","ychouinard@cisi.qc.ca","","","FALSE","FALSE","TRUE","","","","FALSE","","","","","","","","","","","",""
"Édifice médical","","FALSE","FALSE","2849","FALSE","TRUE","TRUE","2916","TRUE","TRUE","","  720 ","","0964-ET","Centre de médecine sportive","4650, desserte S, Autoroute 440","Laval","8 mai","9h-10h","serge morin 514 618-3500","","","Entreposage seulement","H7T 2Z8","FALSE","","2","2","","","TRUE","TRUE","FALSE","FALSE","sergemorin@cmslaval.com","","","FALSE","FALSE","TRUE","","","","FALSE","","","","","","","","","","","",""
"Édifice médical","","FALSE","FALSE","2849","FALSE","TRUE","TRUE","2916","TRUE","FALSE","","  528 ","","0968-ET","Clinique Chirurgicale de Laval","4650, desserte S, Autoroute 440","Laval","8 mai","10h-11h","serge morin 514 618-3500","Tapis arrière n'a pas été enlevé car trop de choses dessus","Surcharge de 25$ par client pour changement d'horaire fait le même jour","Tapis déjà lavé et roulé, seulement les entreposer.","H7T 2Z8","FALSE","","1","1","","","TRUE","TRUE","FALSE","FALSE","sergemorin@cmslaval.com","","","FALSE","FALSE","TRUE","","***CHANGER LAIZE DE TAPIS À L'AUTOMNE***","","FALSE","","","","","","","","","","","",""
"Édifice","","TRUE","FALSE","2829","FALSE","TRUE","TRUE","2916","TRUE","FALSE","","  2 675 ","","1251-ET","Facility Tour Deloitte ","115 Saint-Antoine ","Montréal ","12 avril","13-15h","Jean-Pierre  514 592 9119","INSTALLER LES TAPIS DE PLUIE 12 juillet 2024","Paul André Rivest qui assurait la coordination ne pourra plus le faire. Je serai votre point de contact pour le moment Soh Seppowo Martin Gabriel","5e ÉTAGE AVEC UN TAPE VERT *** plancher de pierre.  À FAIRE UN LUNDI OU VENDREDI À PARTIR DE 16H - RÉINSTALLER 2 TAPIS AU ","","FALSE","","","","","","TRUE","TRUE","FALSE","FALSE","jvenne@deloitte.ca","","","FALSE","FALSE","FALSE","","","","FALSE","","","","","","","","","","","",""
"Bureau","","TRUE","FALSE","2857","FALSE","TRUE","TRUE","2916","TRUE","TRUE","30","  234 ","","","LDC Logistics","1002, rue Sherbrooke O., Suite 2000","Montréal","16 mai","15h ","France Lapres","A FAIRE","","","","FALSE","","2","2","","","TRUE","FALSE","FALSE","FALSE","flapres@MetroSCG.com","","","","","","","","","","","","","","","","","","","","",""
"Édifice","","TRUE","FALSE","2830","FALSE","TRUE","FALSE","2916","TRUE","TRUE","","  1 923 ","","1189-ET","Musée Pointe-à-Callière","350, Place Royale","Montréal","15 avril","11h-14h","Suleyman 514-983-6149","","","Diminué PC pour retrait et nettoyage déja fait : tout l'éperon (sont roulés et numérotés) 1923pc originalement  Sur la rue de la Commune (place de livraison quoi de chargement, à côté de l’édifice L’éperon)","H2Y 3Y5","FALSE","","2","3","","","TRUE","TRUE","FALSE","FALSE","Isabelle.Vermette@gdi.com","","","FALSE","FALSE","TRUE","","","","FALSE","","","","","","","","","","","",""
"Commerce","","TRUE","FALSE","2888","FALSE","TRUE","TRUE","2916","TRUE","TRUE","","  937 ","","","West Spa + Salon Augustin","4655 Boul St-Jean, suite 202, D.D.O.","Montréal","27 mai","10h","Nathalie Bédard","A FAIRE   ADRESSE COURRIEL À VÉRIFIER","","","","FALSE","","2","2","","","TRUE","FALSE","FALSE","FALSE","nemco@bell.net","","","","","","","","","","","","","","","","","","","","",""
"Commerce","","TRUE","FALSE","2888","FALSE","TRUE","TRUE","2916","TRUE","TRUE","","  367 ","","1329-ET","UV Quartier Villeray","682, rue Jarry Est","Montréal","27 mai","12h","Olivier Parenteau","","","","","FALSE","","2","2","","","TRUE","FALSE","FALSE","FALSE","olivier.parenteau@uvee.ca","","","","","","","","","","","","","","","","","","","","",""
"Édifice","","TRUE","FALSE","2888","FALSE","TRUE","TRUE","2916","TRUE","TRUE","","  611 ","","1211-ET","1310 Ontario Est","1310, rue Ontario Est","Montréal","27 mai","13h","Marco Cannizzaro 514 812-2650
","","","Ne pas nettoyer les tapis parce qu'ils ont été fait le 1er mars 2023 sur place","","FALSE","","2","2","","","TRUE","FALSE","FALSE","FALSE","info@constructionmarcan.com","","","FALSE","FALSE","TRUE","","","","FALSE","","","","","","","","","","","",""
"Bureau","","FALSE","FALSE","2888","FALSE","TRUE","TRUE","2916","TRUE","TRUE","","  528 ","","1328-ET","KOTV","300, Place Charles-Lemoyne, bureau 200","Longueuil","27 mai","15h","Isabelle Martin 514.244.4208","","","","","FALSE","","2","2","","","TRUE","FALSE","FALSE","FALSE","imartin@kotv.ca","","","","","","","","","","","","","","","","","","","","",""
"Édifice médical","","TRUE","FALSE","2888","FALSE","TRUE","TRUE","2916","TRUE","TRUE","78","  760 ","","1327-ET","CCRL Laurentides","325 Rue du Docteur-Charles-Léonard, ","St-Jérôme","27 mai","14h30","Marie-Gabrielle Beaudry","","","","","FALSE","","2","2","","","TRUE","FALSE","FALSE","FALSE","mgbeaudry@ccrlaurentides.com","","","","","","","","","","","","","","","","","","","","",""
"Édifice","","TRUE","FALSE","2830","FALSE","TRUE","TRUE","","FALSE","FALSE","","  4 696 ","","1169-ET","Le Windsor","1170, rue Peel","Montréal","19 avril","17-21h","2023 : nettoyer en entrepôt","aucun évènement le 19 avril                                                                   NE PAS ENLEVER LES TAPIS DANS LA SORTIE CYPRESS","***   9,5 boîtes de moulures neuves    ***  travail nécessaire pour compléter l’installation des tapis au Windsor (les lobby du 6e-7e-8e et 9e étage n’ont pas été fait).  /  Les moulures ne collent pas car ils sont plein de colle recto verso  Paul André Rivest qui assurait la coordination ne pourra plus le faire. Je serai votre point de contact pour le moment Soh Seppowo Martin Gabriel Impossible voir courriel pour date dispo","","H3B 0A9","FALSE","","4","8","","","TRUE","TRUE","FALSE","FALSE","Lucie.Richard@bentallgreenoak.com","","","FALSE","FALSE","TRUE","Plus transport","","","FALSE","","","","","","","","","","","",""
"Édifice","","TRUE","FALSE","2829","FALSE","TRUE","TRUE","","FALSE","FALSE","","  649 ","","1227-ET","Édifice SunLife  21e étage","1155, rue Metcalfe","Montréal","14 avril","11-21h","","","Correction d’installation de tapis dans le lobby au 21e étage – le tapis de gauche semble avoir été mis à l’envers de 180 degrés – les deux sections ne sont pas de la même couleur cette année","","","FALSE","","","4","","","TRUE","FALSE","FALSE","FALSE","Lucie.Richard@bentallgreenoak.com","","","FALSE","FALSE","FALSE","Plus transport","manque tapis sortie st martin ","","FALSE","","","","","","","","","","","",""
"Édifice","","TRUE","FALSE","2829","FALSE","TRUE","TRUE","","FALSE","FALSE","","  8 796 ","","1227-ET","Sunlife ","1155, rue Metcalfe","Montréal","14 avril","11-21h","La partie en vert avec les étages 8796 pc.","","Reste moulures devant ascenseur à poser / Bureau # 20 fait","Jan : ramasse tapis- 17320pc -  facturé - crédit 6,570pc sur facture 2513 ","H3B 2V6","FALSE","","","","","","TRUE","TRUE","FALSE","FALSE","Lucie.Richard@bentallgreenoak.com","","","FALSE","FALSE","FALSE","2 gars / 3h + transport","","","FALSE","","","","","","","","","","","",""
"","","","","","","","","","","","","","","","DÉJÀ FACTURÉ","","","","","","","","","","","","","","","","","","FALSE","FALSE","","","","","","","","","","","","","","","","","","","","","",""
"","","","","","","","","","","","","","","","","","","","","","","","","","","","","","","","","","FALSE","FALSE","","","","","","","","","","","","","","","","","","","","","",""
"Édifice","","TRUE","FALSE","2830","FALSE","TRUE","TRUE","","FALSE","FALSE","","  2 515 ","","0962-ET","1600 Rene Levesque O","1600 Rene Levesque O","Montréal","18 avril","18h-21h","","À PARTIR DE 17H30","","","H3H 2V2","FALSE","","2","4","","","TRUE","TRUE","FALSE","FALSE","Clemence.Cabanis@bgo.com","","","FALSE","FALSE","TRUE","Plus transport","","","FALSE","","","","","","","","","","","",""
"","","TRUE","FALSE","2838","FALSE","TRUE","FALSE","2899","TRUE","TRUE","21","1030","","1320-ET","WADA","800 du Square Victoria, 16e et 17e étages","Montréal","27 avril","11h-21h","mariela.rolon@wada-ama-org","C'est confirmer avec le client par téléphone","","","","FALSE","FALSE","","","FALSE","FALSE","TRUE","TRUE","FALSE","FALSE","mariela.rolon@wada-ama-org","","","","","","","","","","","","","","","","","","","","",""
"Édifice","","TRUE","FALSE","2839","FALSE","TRUE","FALSE","2899","TRUE","TRUE","115","2077","","1316-ET","Novartis ","700 rue St-Hubert, Montréal","","3 mai","13h-16h30","Michel Guérin","","","","","FALSE","FALSE","","","FALSE","FALSE","TRUE","FALSE","FALSE","FALSE","michel.guerin@novartis.com","","","","","","","","","","","","","","","","","","","","",""
"Résidences","","TRUE","FALSE","2849","FALSE","TRUE","TRUE","2899","TRUE","TRUE","","  1 154 ","","1209-ET","Résidence Vast (tapis pluie?)","300, rue de Murano","Sainte-Julie","9 mai","10h15-11h45","Patrice, 438-408-9367","120PC tapis pluie logo - Inclus dans le service depuis +sieurs années svp penser à facturer pour les années suivantes","","A FAIRE LE PLUS RAPIDEMENT POSSIBLE","J3E 0C6","FALSE","","2","2","","","TRUE","FALSE","FALSE","FALSE","cse@residencevast.com","","","FALSE","FALSE","FALSE","","","","FALSE","","","","","","","","","","","",""
"Édifice","","TRUE","FALSE","2857","FALSE","TRUE","FALSE","2899","TRUE","TRUE","","  325 ","","0743-ET","Collège Stanislas","780, boul. Dollard","Outremont","15 mai","7h30","Martin Ducharme   : 325 inclus dans le retrait FACTURÉ NETTOYAGE, ENTREPOSAGE ET INSTALLATION","Tapis de l'entrée McEachran","* manque tapis entrée MC eachran, n'est pas sur les plans, je crois que c'est une nouvelle installation..","DERNIÈRE SEMAINE D'AVRIL IL N'Y A PAS D'ÉLÈVES","H2V 3G5","FALSE","","2","4","","","TRUE","FALSE","FALSE","FALSE","sylvie.marie@stanislas.qc.ca","","","FALSE","FALSE","FALSE","","","","FALSE","","","","","","","","","","","",""
"Résidences","","TRUE","FALSE","2849","FALSE","TRUE","TRUE","2899","TRUE","TRUE","23","879","","1195-ET","Cloria Vallée du Richelieu","4305, chemin du Crépuscule","Beloeil","9 mai","12h-13h","Nicole Veilleux pour vous ouvrir au 450-685-1114 ou au logement #309","","Bonjour, je suis la personne ressource pour Cloria Vallée du Richelieu _ Normand St-Denis, vous pouvez aussi inscrire Mr. Philippe Turcotte 514-250-5456 au philippeturcotte@cloriacite.ca ,","787+92  -  louraymond@cloriacite.ca","J3G 0R2","FALSE","","2","2","","","TRUE","TRUE","FALSE","FALSE","normandstdenis@cloriacite.ca","","","FALSE","FALSE","FALSE","","","","FALSE","","","","","","","","","","","",""
"Résidences","","TRUE","FALSE","2829","FALSE","TRUE","TRUE","2899","TRUE","TRUE","","  1 385 ","","1229-ET","Le Boréa","61 54e avenue Est","Blainville","9 avril","12h-13h30","André Laplante 514-604-4307","","Manque tapis ascenseur - Fait","André Laplante 450-508-8073","","FALSE","","","","","","TRUE","TRUE","FALSE","FALSE","cse@residenceborea.com","","","FALSE","FALSE","TRUE","","","","FALSE","","","","","","","","","","","",""
"Édifice","","TRUE","FALSE","2829","FALSE","TRUE","TRUE","2899","TRUE","TRUE","","  576 ","","0948-ET","Place des Tourelles I, Boisbriand","3655, des Grandes Tourelles","Boisbriand","9 avril","15h45-16h45","José Cauchon au 514-243-4353.","","","","J7H 1M9","FALSE","","2","1","","","TRUE","TRUE","FALSE","FALSE","mclavoie@alcovicapital.com","","","FALSE","FALSE","TRUE","","","","FALSE","","","","","","","","","","","",""
"Résidences","","TRUE","FALSE","2838","FALSE","TRUE","TRUE","2899","TRUE","TRUE","","  1 520 ","","0979-ET","Le Seva","300, rue de Sarcelle","Candiac","26 avril","11h30-13h30","Benoit ou à la réception","","","Vous pourrez vous stationner sur le côté de la résidence, sur la rue Sarcelle près du IGA. On installera des cônes pour vous faciliter l’accès.","J5R 0S9","FALSE","","2","2","","","TRUE","FALSE","FALSE","FALSE","cse@residenceseva.com","","","FALSE","FALSE","TRUE","","","","FALSE","","","","","","","","","","","",""
"Commerce","","TRUE","FALSE","2839","FALSE","TRUE","FALSE","2899","TRUE","TRUE","33","  1 235 ","","1319-ET","Club MAA","2070, rue Peel, Montréal","Dolores Abreu","2 mai","15h30","Dolores Abreu","AJOUT POUR LE SERVICE D'ENTRETIEN(si possible sermaine du 15 avril)","","","","","","","","","","TRUE","FALSE","FALSE","FALSE","dabreu@clubsportifmaa.com;pblanchet@clubsportifmaa.com","","","","","","","","","","","","","","","","","","","","",""
"Édifice","","TRUE","FALSE","2821","FALSE","TRUE","TRUE","2899","TRUE","TRUE","","  584 ","","0909-ET","SFM","325, boul. Bouchard","Dorval","2 avril","16-17h","Steve Colpron 514-780-2070 #2304","","Manque tapis de garde robe #9 et #10 ","Je suis la personne responsable sur place, mais la réceptionniste (Tina Limosani) sera en mesure de répondre à vos question s’il y a lieu. Une carte d’accès n’est pas requise, la réceptionniste vous laissera entrer.","H9S 1A9","FALSE","","2","2","","","TRUE","FALSE","FALSE","FALSE","steve.colpron@sfm.ca","","","FALSE","FALSE","TRUE","","Manque tapis devant les ascenseurs du sous-sol + ascenseur A2.  Moulure à corrigée","","FALSE","","","","","","","","","","","",""
"Résidences","","FALSE","FALSE","2821","FALSE","TRUE","TRUE","2899","TRUE","TRUE","","  2 446 ","","0690-ET","Lilo","105, boul. Don Quichotte","Île Perrot","2 avril","7-9-h30","Alain Harisson 514-600-2076","","manque les 3 tapis d’ascenseurs.","","J7V 6X2","FALSE","","3","3","","","TRUE","FALSE","FALSE","FALSE","cse@residencelilo.com","","","FALSE","FALSE","FALSE","","","","FALSE","","","","","","","","","","","",""
"Édifice","","TRUE","FALSE","2821","FALSE","TRUE","TRUE","2899","TRUE","TRUE","","  669 ","","1245-ET","Héma-Québec","16 993 Transcanadienne ","Kirkland","2 avril","13h30-14h30","Syntia Montembeault au 514-217-5708 ou Louisa Charles-Pierre : (438) 869-2117","","","","H4R 2W7","FALSE","","","7","","","TRUE","FALSE","FALSE","FALSE","JeanGauthier.Kouadjo@hema-quebec.qc.ca","","","FALSE","FALSE","TRUE","","","","FALSE","","","","","","","","","","","",""
"Édifice médical","","TRUE","FALSE","2849","FALSE","TRUE","TRUE","2899","TRUE","TRUE","43","  265 ","","0786-ET","Clinique Uniderma","1575, boul. de l'Avenir","Laval","7 mai","12h-16h","","***COMMENCER PAR LA CLINIQUE EN PREMIER LE 7 MAI***","","","H7S 2N5","FALSE","","1","1","","","TRUE","TRUE","FALSE","FALSE","drejodoin@uniderma.ca","","","FALSE","FALSE","TRUE","INSTALLATION DE MOULURES","","20 oct.","FALSE","","","","","","","","","","","",""
"Édifice médical","","TRUE","FALSE","2849","FALSE","TRUE","TRUE","2899","TRUE","TRUE","","  500 ","","1151-ET","1565 de l'Avenir","1565, de l'Avenir","Laval","7 mai","12h-16h","514-557-6100 Cathy gestionnaire","","","","H7S 2N5","FALSE","","2","2","","","TRUE","TRUE","FALSE","FALSE","cathyboucher@groupechameleon.ca","","","FALSE","FALSE","TRUE","","","","FALSE","","","","","","","","","","","",""
"Édifice médical","","TRUE","FALSE","2849","FALSE","TRUE","TRUE","2899","TRUE","TRUE","","  345 ","","1152-ET","1555 de l'Avenir","1555, de l'Avenir","Laval","7 mai","12h-16h","514-557-6100 Cathy gestionnaire","","","","H7S 2N5","FALSE","","2","2","","","TRUE","TRUE","FALSE","FALSE","cathyboucher@groupechameleon.ca","","","FALSE","FALSE","TRUE","","","","FALSE","","","","","","","","","","","",""
"Édifice médical","","TRUE","FALSE","2849","FALSE","TRUE","TRUE","2899","TRUE","TRUE","","  700 ","","1153-ET","1575 de l'Avenir","1575, de l'Avenir","Laval","7 mai","12h-16h","514-557-6100 Cathy gestionnaire","","Manque tapis ascenseur = fait","","H7S 2N5","FALSE","","2","2","","","TRUE","TRUE","FALSE","FALSE","cathyboucher@groupechameleon.ca","","","FALSE","FALSE","TRUE","","","","FALSE","","","","","","","","","","","",""
"Édifice médical","","TRUE","FALSE","2849","FALSE","TRUE","FALSE","2899","TRUE","TRUE","23,7","  262 ","","1322-ET","Ortho-Laval - Dr. Jean-Marc Dumoulin","1575 boul. de l'Avenir, 3e étage","Laval","7 mai","12h16h","Lise Rivard ","","","","","FALSE","FALSE","","","FALSE","FALSE","TRUE","FALSE","FALSE","FALSE","lrivard@ortholaval.com","","","","","","","","","","","","","","","","","","","","",""
"Édifice médical","","TRUE","FALSE","2849","FALSE","TRUE","TRUE","2899","TRUE","TRUE","","  530 ","","0981-ET","Traditours","1575, de l'Avenir","Laval","7 mai","12h-16h","Gabriel Talbot","","","","H7S 2N5","FALSE","","1","1","","","TRUE","FALSE","FALSE","FALSE","info@traditours.com","","","FALSE","FALSE","TRUE","","","","FALSE","","","","","","","","","","","",""
"","","TRUE","FALSE","2849","FALSE","TRUE","TRUE","2899","TRUE","TRUE","43,5","  446 ","","1288-ET","CHSLD Val des Brises","3155, boul. Michel-Ange","Laval","7 mai","16h-17h","José Cauchon au 514-243-4353","","","","H7E 0J1","","","","","","","TRUE","TRUE","FALSE","FALSE","mclavoie@alcovicapital.com","","","FALSE","FALSE","FALSE","","","","FALSE","","","","","","","","","","","",""
"Édifice médical","","TRUE","FALSE","2849","FALSE","TRUE","TRUE","2899","TRUE","TRUE","3,5","  475 ","","0977-ET","Dr. Barolet, 2e étage","3333, 100e Avenue","Laval","8 mai","15h-16h","Geneviève Chaput","",""," ","H7T 3C4","FALSE","","1","1","","","TRUE","FALSE","FALSE","FALSE","info@cliniquedrdanielbarolet.com","","","FALSE","FALSE","TRUE","","","","FALSE","","","","","","","","","","","",""
"Édifice médical","","TRUE","FALSE","2849","FALSE","TRUE","TRUE","2899","TRUE","TRUE","13","  1 030 ","","1001-ET","Édifice E","3310, 100e Avenue","Laval","8 mai","11h30-13h","Serge Boyer au (514) 793-2540","","","","H7T 0J7","FALSE","","2","2","","","TRUE","FALSE","FALSE","FALSE","dbourgault@e-propri-gestion.com","","","FALSE","FALSE","TRUE","","","","FALSE","","","","","","","","","","","",""
"","","FALSE","FALSE","2849","FALSE","TRUE","TRUE","2899","TRUE","TRUE","","  536 ","","1286-ET","CEOM (suite 100-145)","4650, desserte S, Autoroute 440","Laval","8 mai","8h30-9h","Charles Olivier Moreau  gestionnaire médical cell. 514-980-2306 _ charles-olivier.moreau@cmslaval.com","","Impossible de faire , j'ai parler avec le gestionnaire, il préfère en fin d'après midi . C'est un immeuble médical, beaucoup de circulation. Il est d'accord pour une surcharge pour le changement d'horaire, mohamed vas le faire se soir seul .","Entreposage seulement","H7T 2Z8","FALSE","","","","","","TRUE","TRUE","FALSE","FALSE","sergemorin@cmslaval.com","","","","","TRUE","","","","","","","","","","","","","","","",""
"Commerce","","TRUE","FALSE","2880","FALSE","TRUE","TRUE","2899","TRUE","TRUE","","  156 ","","1230-ET","Bédard Ressources #310","1575, boul. de l'Avenir","Laval","21 mai","10h","Christiane Leroux, notre réceptionniste","","","Melissa Célissaint 514-212-2230 #360","H7S 2N5","FALSE","","","4","","","FALSE","FALSE","FALSE","FALSE","melissa@bedardressources.com","","","FALSE","FALSE","TRUE","","","","FALSE","","","","","","","","","","","",""
"Édifice","","TRUE","FALSE","2880","FALSE","TRUE","TRUE","2899","TRUE","TRUE","34","  1 263 ","","1233-ET","Sunwing","3105 Place Louis R-Renaud","Laval","21 mai","9h45-10h45","Julien Char  514 557-2489","Ajout entrée arrière 360,8 + 903","Manque 4 tapis  = fait","","H7V 0A3","FALSE","","","8","","","TRUE","TRUE","FALSE","FALSE","jchar@sunwing.ca","","","FALSE","FALSE","TRUE","","","","FALSE","","","","","","","","","","","",""
"Édifice","","TRUE","FALSE","2880","FALSE","TRUE","TRUE","2899","TRUE","TRUE","","  849 ","","1232-ET","Vacances Sunwing","3105 Place Louis R-Renaud","Laval","21 mai","10h45-1145","Julien Char  514 557-2489","","","","H7V 0A3","FALSE","","","8","","","TRUE","TRUE","FALSE","FALSE","jchar@sunwing.ca","","","FALSE","FALSE","TRUE","","","","FALSE","","","","","","","","","","","",""
"Condo","","TRUE","FALSE","2857","FALSE","TRUE","TRUE","2899","TRUE","TRUE","","  658 ","","1231-ET","Le Maritime","3040, boul. Lévesque Ouest","Laval","17 mai","16h-17h","M. Sylvain Laliberté au 514-979-9208","","","Nathalie Mora 514-984-6206","H7V 2G3","FALSE","","","","","","TRUE","TRUE","FALSE","FALSE","maritime1@videotron.ca","","","FALSE","FALSE","TRUE","","","","FALSE","","","","","","","","","","","",""
"Condo","","TRUE","FALSE","2857","FALSE","TRUE","TRUE","2899","TRUE","TRUE","","  400 ","","1238-ET","SDC 2910 Edouard Montpetit","2910, Edouard Montpetit","Laval","17 mai","14h-15h","Alain, Jocelyne ou bien Jad","","","M. Jad Mammo membre du syndicat va être sur place. Il pourra vous donner accès à l’immeuble son numéro +1 (514) 632-6450 
Oui vous avez accès au stationnement extérieur devant l’immeuble.
alain Maksoud 514-865-4897  Condo 601","H7T 2T5","FALSE","","","4","","","TRUE","FALSE","FALSE","FALSE","sslax@hotmail.com","","","FALSE","FALSE","TRUE","","","","FALSE","","","","","","","","","","","",""
"","","TRUE","FALSE","2857","FALSE","TRUE","TRUE","2899","TRUE","TRUE","","  1 014 ","","1279-ET","Académie Lavalloise","5290, boul. des Laurentides","Laval","17 mai","11h30-13h30","La réceptionniste Mme Patrizia Chiovitt","","J'ai dû couper des tapis car les portes ne fermaient plus et aux extrémités car les tapis ont rallongés","","H7K 2J8","","","","","","","TRUE","TRUE","FALSE","FALSE","anthony.lacopo@academielavalloise.com","","","FALSE","FALSE","TRUE","","","","FALSE","","","","","","","","","","","",""
"Commerce","","TRUE","FALSE","2839","FALSE","TRUE","FALSE","2899","TRUE","TRUE","","  910 ","","1315-ET","CPE Pierre-Boucher","1200 du Tremblay","Longueuil","29 avr.","11h30-12h30","Valérie","À FAIRE, LE CLIENT A DEMANDÉ LE SERVICE À L'ACHAT DE CES TAPIS","","","","FALSE","FALSE","","","FALSE","FALSE","TRUE","TRUE","FALSE","FALSE","Jacynthe.Dagenais@cpepierreboucher.com","","","","","","","","","","","","","","","","","","","","",""
"Commerce","","TRUE","FALSE","2839","FALSE","TRUE","FALSE","2899","TRUE","TRUE","16","  734 ","","1315-ET","CPE Pierre-Boucher","1450 Curé-Poirier E","Longueuil","29 avr.","13h-14h","Christine Moranville","","","","","FALSE","FALSE","","","FALSE","FALSE","TRUE","TRUE","FALSE","FALSE","Jacynthe.Dagenais@cpepierreboucher.com","","","","","","","","","","","","","","","","","","","","",""
"Commerce","","TRUE","FALSE","2839","FALSE","TRUE","FALSE","2899","TRUE","TRUE","12","  754 ","","1315-ET","CPE Pierre-Boucher","2070 rue Marie-Victorin","Longueuil","29 avr.","14h30-15h30","Philippe Tremblay","","","","","FALSE","FALSE","","","FALSE","FALSE","TRUE","TRUE","FALSE","FALSE","Jacynthe.Dagenais@cpepierreboucher.com","","","","","","","","","","","","","","","","","","","","",""
"Condo","","TRUE","FALSE","2821","FALSE","TRUE","TRUE","2899","TRUE","TRUE","","  1 569 ","","0869-ET ","Le William","1811, rue William","Montréal","3 avril","11-13h30","Peser sur 02336 et cliquer sur le téléphone vert/ Le code des cadenas menant au toit – 1751 / Boîte à clé au sous les boîtes aux lettres du 1811 William - Code 915 et 9915 / Lundi au vendredi 8:30 à 13h - Sylvianne Caron (514) 503-4592 - Ne pas donner ce numéro aux copropriétaires - Durant l'été, Sylvianne est présente de 6:00 à 13h00 / Week-ends: 8:00 à 15:00 - Slavic weekend : 514-473-0369","à faire","","Jennifer Allen       438 523-3687","H3J 1R5","FALSE","","2","2","","","TRUE","FALSE","FALSE","FALSE","antoine.portelance@solutioncondo.com","","","FALSE","FALSE","TRUE","","","","FALSE","","","","","","","","","","","",""
"","","TRUE","FALSE","2821","FALSE","TRUE","TRUE","2899","TRUE","TRUE","","  630 ","","1283-ET","SDC La Tannerie","680 de Courcelle","Montréal","3 avril","15h","Jerry Climan","","","","","","","","","","","TRUE","TRUE","FALSE","FALSE","administration@lefite.com","","","FALSE","FALSE","TRUE","","","","FALSE","","","","","","","","","","","",""
"Condo","","TRUE","FALSE","2829","FALSE","TRUE","TRUE","2899","TRUE","TRUE","","347","832","1284-ET","Esplanade Cartier Phase 1","2120, rue Ste-Catherine Est","Montréal","10 avril","11-13h30","Sebastien Righi 438-520-7582","","Manque moulures ascenseurs   ok PAYÉ    code d'acces 2379 boîte du 2120 celle du bas","Aucun accès.  Très compliqué en travaux toute le tour de l'immeuble.  Laisser le tapis de l'entrée du gyn sur place ***FAIRE LES PLANS PARCE QUE CE N'EST PAS NOUS QUI AVONS INSTALLÉ LES TAPIS EN CARREAUX*** 347pc en rouleau + 832 en carreaux","H2K 0C4","FALSE","","","","","","TRUE","TRUE","FALSE","FALSE","sebastien.righi@solutioncondo.com","","","FALSE","FALSE","FALSE","","","","FALSE","","","","","","","","","","","",""
"Condo","","TRUE","FALSE","2829","FALSE","TRUE","TRUE","2899","TRUE","TRUE","","234","760","1285-ET","Esplanade Cartier Phase 2","2180, rue Ste-Catherine Est","Montréal","10 avril","13h30-16h","Sebastien Righi 438-520-7582","","ok PAYÉ    code d'acces 8040 boîte du 2180 celle du bas","Laisser le tapis de l'entrée du gyn sur place ***FAIRE LES PLANS PARCE QUE CE N'EST PAS NOUS QUI AVONS INSTALLÉ LES TAPIS EN CARREAUX*** 234pc en rouleau + 760 en carreaux","H2K 0C4","FALSE","","","","","","TRUE","TRUE","FALSE","FALSE","sebastien.righi@solutioncondo.com","deloitte","","FALSE","FALSE","FALSE","","","","FALSE","","","","","","","","","","","",""
"Condo","","TRUE","FALSE","2829","FALSE","TRUE","TRUE","2899","TRUE","TRUE","","  1 325 ","","1061-ET","6000 Deacon","6000 ch. Deacon","Montréal","11 avril","15h30-17h","Contact : François Théoret","","Manque moulure ascenseur x 7","","H3S 2T9","","","","","","","TRUE","TRUE","FALSE","FALSE","info@6000deacon.ca","","","FALSE","FALSE","TRUE","","","","FALSE","","","","","","","","","","","",""
"Édifice","","TRUE","FALSE","2829","FALSE","TRUE","TRUE","2899","TRUE","TRUE","","  702 ","","1159-ET","M9 - Phase 4","888 rue Wellington ","Montréal","12 avril","12-13h","Camila Machado (514) 312-1442","","","Pour ce qui concerne le stationnement je vous suggère que vos techniciens ce gare devant le 71 rue Duke. Nous allons les faire passer par le garage pour facilité votre travail.","H3C 1N9","FALSE","","2","2","","","TRUE","FALSE","FALSE","FALSE","dmac@gestior.com","","","FALSE","FALSE","FALSE","","","","FALSE","","","","","","","","","","","",""
"Édifice","","TRUE","FALSE","2829","FALSE","TRUE","TRUE","2899","TRUE","TRUE","","  779 ","","1206-ET","TMX   Toujours après 17h","1115, St-Antoine , 17e et 18e étages","Montréal","13 avril","11-12h","","","Paul André Rivest qui assurait la coordination ne pourra plus le faire. Je serai votre point de contact pour le moment Soh Seppowo Martin Gabriel","TOUJOURS APRÈS 17H","","FALSE","","","","","","TRUE","FALSE","FALSE","FALSE","karine.despins@tmx.com","","","FALSE","FALSE","FALSE","","","","FALSE","","","","","","","","","","","",""
"Édifice","","TRUE","FALSE","2838","FALSE","TRUE","TRUE","2899","TRUE","TRUE","458,5","  4 128 ","","1180-ET","Allied - Viger","425, Viger Ouest","Montréal","22 avril","17-21h","","","Client veut soumission pour 6 tapis d'ascenseur et logo","","H2Y 3Y7","FALSE","","2","5","","","TRUE","TRUE","FALSE","FALSE","dmartos@alliedreit.com","","","FALSE","FALSE","FALSE","","","","FALSE","","","","","","","","","","","",""
"","","","","","","","","","","","","","","","","","","","","","","","","","","","","","","","","","FALSE","FALSE","","","","","","","","","","","","","","","","","","","","","",""
"","","FALSE","FALSE","","FALSE","FALSE","FALSE","","FALSE","FALSE","","  918 ","","","Le Château","1321 rue Sherbrooke O","Montréal","","","petit , trouble ","","","","","FALSE","FALSE","","","FALSE","FALSE","FALSE","FALSE","FALSE","FALSE","","","","","","","","","","","","","","","","","","","","","",""
"","","","","","","","","","","","","","","","","","","","","","","","","","","","","","","","","","FALSE","FALSE","","","","","","","","","","","","","","","","","","","","","",""
"Édifice","","TRUE","FALSE","2840","FALSE","TRUE","TRUE","2912","TRUE","TRUE","","  1 981 ","","1068-ET","Banque de Montréal","129 St-Jacques O","Montréal","3 mai","11-16h","Vincent Blais 514-877-9512","","Manque devant ascenseurs entrée 105 st-jacques et tapis #5 qui manquait aussi l'an passé - Pas pu installer le tapis de l'ascenseur #2 car hors d'usage       INSTALLATION AVEC FROG TAPE ","","H2Y 1L6","FALSE","","2","5","","","TRUE","FALSE","FALSE","FALSE","Vincent.Blais@bgis.com","","","FALSE","FALSE","TRUE","","","","FALSE","","","","","","","","","","","",""
"Résidences","","TRUE","FALSE","2849","FALSE","TRUE","TRUE","2912","TRUE","TRUE","","  1 628 ","","1184-ET","Le Savignon","3111, rue Victoria","Lachine","10 mai","8h15-10h45","Richard Parker","","5 oct 23 : Seul les sorties d'urgence ont pu être installés car le plancher était plein de savon et il y a avait un évènement à la réception. Tapis laissés au garage intérieur _ Prévoir moulures il en manque beaucoup _ Manque tapis ascenseur 1,3,5 _ Tapis #11 (devant les ascenseur) non installés car la directrice générale à vu une grosse tache ronde, je lui ai montré que c'est de l'usure.","Philippe Croteau 514-634-4646","H8S 0B1","FALSE","","","","","","TRUE","FALSE","FALSE","FALSE","cse@lesavignon.com","","","FALSE","FALSE","TRUE","","Facturer 3900PC","","FALSE","","","","","","","","","","","",""
"Édifice","","TRUE","FALSE","2880","FALSE","TRUE","FALSE","2912","TRUE","TRUE","","  1 241 ","","0957-ET","Complexe Louis-R. Renaud","2905, place Louis-R. renaud","Laval","21 mai","7h30","Guylaine Pomerleau 450-781-4666 x 2360","","","","","FALSE","","","","","","TRUE","FALSE","FALSE","FALSE","gpomerleau@alcovicapital.com","","","FALSE","FALSE","FALSE","","","","FALSE","","","","","","","","","","","",""
"Édifice","","TRUE","FALSE","2840","FALSE","TRUE","TRUE","2912","TRUE","TRUE","","  860 ","","1069-ET","Édifice 105 St-Jacques O","105, St-Jacques O","Montréal","3 mai","11-16h","Vincent Blais 514-877-9512","","","","H2Y 1L6","FALSE","","2","1","","","TRUE","FALSE","FALSE","FALSE","Vincent.Blais@bgis.com","","","FALSE","FALSE","FALSE","","","","FALSE","","","","","","","","","","","",""
"Édifice","","TRUE","FALSE","2840","FALSE","TRUE","TRUE","2912","TRUE","TRUE","","  2 126 ","","1070-ET","BMO","119, St- Jacques O","Montréal","3 mai","11-16h","Vincent Blais 514-877-9512","","","","H2Y 1L6","FALSE","","2","3","","","TRUE","FALSE","FALSE","FALSE","Vincent.Blais@bgis.com","","","FALSE","FALSE","TRUE","","","","FALSE","","","","","","","","","","","",""
"Condo","","TRUE","FALSE","2829","FALSE","TRUE","TRUE","2912","TRUE","TRUE","","  759 ","","1166-ET","Northcrest - SDC6300 ","6300 rue Northcrest","Outremont","11 avril","13h30-15h","M Paul","Tapis permanent à changer courriel envoyé 11 avril","","entretien@syndicatnorthcrest.ca     Paul 514-773-4660","H3S 2W3","FALSE","","2","1","","","TRUE","TRUE","FALSE","FALSE","gestionnaire@syndicatnorthcrest.ca","","","FALSE","FALSE","TRUE","","","","","","","","","","","","","","","",""
"Édifice","","FALSE","FALSE","2838","FALSE","TRUE","TRUE","2912","TRUE","TRUE","","  918 ","","1175-ET","Allied - Atlantic","400, rue Atlantic","Montréal","22 avril","14-15h","Luis Tampan---514-206-7118"," Tapis à jeter "," Tapis du café laissés sur place, il n'y a plus de restaurant. "," 918 ou 1601 ","H2V 1A5","FALSE","","2","1","","","TRUE","FALSE","FALSE","FALSE","lbeaulieu@alliedreit.com","","","FALSE","FALSE","TRUE","","","","FALSE","","","","","","","","","","","",""
"Résidences","","TRUE","FALSE","2838","FALSE","TRUE","TRUE","2912","TRUE","TRUE","","  1 520 ","","0960-ET","Résidence Station Est","4800 rue Contrecoeur, Montréal","Montréal","25 avril","12h30-14h30","Danny Leblond 438-396-7356","","","","","FALSE","","2","3","","","TRUE","TRUE","FALSE","FALSE","cse@residencestationest.com","","","","","","","","","","","","","","","","","","","","",""
"Édifice","","TRUE","FALSE","2838","FALSE","TRUE","TRUE","2912","TRUE","TRUE","","  3 418 ","","1274-ET","1010 Sherbrooke O.","1010, rue Sherbrooke Ouest","Montréal","26 avr.","17-21h","Antonio Monteiro que vous pouvez joindre au 514.712.0022; et moi-même joignable au 514.664.1237. Nous sommes présents sur place du Lundi au Vendredi de 7h à 17h.","","Pas pu installer ascenseur 9 hors d'usage","","H3A 2R7","","","","","","","TRUE","FALSE","FALSE","FALSE","dercolano@alliedreit.com,amonteiro@alliedreit.com ","","","FALSE","FALSE","TRUE","","","","FALSE","","","","","","","","","","","",""
"Édifice","","TRUE","FALSE","2830","FALSE","TRUE","TRUE","2912","TRUE","TRUE","","  891 ","","1181-ET","Ville de Montréal","3705, rue Saint-Patrick","Montréal","18 avril","15h30-17h","Jean-Marc Ouellet","","","À FAIRE ENTRE LE 17 ET 28 AVRIL","H4E 1A1","FALSE","","2","2","","","TRUE","FALSE","FALSE","FALSE","jean-marc.ouellet@montreal.ca; marc-andre.lecuyer@montreal.ca","","","FALSE","FALSE","FALSE","","","","FALSE","","","","","","","","","","","",""
"","","TRUE","FALSE","2839","FALSE","TRUE","TRUE","2912","TRUE","TRUE","9,5","  755 ","","1276-ET","SDC 1800 Angrignon","1800 Angrignon","Montréal","2 mai","14h30-15h30","","","","Vous pouvez avoir accès à un stationnement extérieur","H8N 0B8","","","","","","","TRUE","TRUE","FALSE","FALSE","minacio@immoplex.com","","","FALSE","FALSE","TRUE","","","","FALSE","","","","","","","","","","","",""
"Édifice","","TRUE","FALSE","2840","FALSE","TRUE","TRUE","2912","TRUE","TRUE","","12419","","1273-ET","Complexe Guy Favreau","200, René-Levesque O","Montréal","4 mai","11h-21h ","laeticia.kabambi@bgis.com
 /  bureau de sécurité qui vous donnera vos accès","","6 déc : 1er déc : 4,5 bte moulures Étages 12,11 et 9 - 5 b moulures  / 30 nov : 4.5 boîtes de moulures. Étages, 4 , 5,6 et moulures d'étage 2 et 3  /29 nov : tour Est étages 2 et 3 MANQUE MOULURES CONTOUR / 15 nov : Tour ouest 5 étages de fait / Tous les ascenseurs sont fait sauf #1 tour EST , elle est en panne, reste 4 étages à faire.  Reste tour est à faire / 5 boîtes de moulures / 13 nov : 4h – 2 per – 8 tapes RDC 1+2   ***cube ***","Pc a été changer dû au reno , le total + Aussi calculé le PC des tapis ajouté au RDC 2 Tour","H2Z 1X4","FALSE","","","","","","TRUE","FALSE","FALSE","FALSE","Tristan.Comtois@bgis.com","","","FALSE","FALSE","FALSE","","","","FALSE","","","","","","","","","","","",""
"Édifice","","TRUE","FALSE","2849","FALSE","TRUE","FALSE","2912","TRUE","TRUE","37","  898 ","","1323-ET","Bibliotheque Maisonneuve","4120, Ontario Est","Montréal","6 mai","9-10h","Marie-Eve Leprohon","À FAIRE EN AVANT-MIDI LA BIBLIOTHÈQUE OUVRE À 12H","","","","FALSE","FALSE","","","FALSE","FALSE","TRUE","TRUE","FALSE","FALSE","marie-eve.leprohon@montreal.ca","","","","","","","","","","","","","","","","","","","","",""
"Condo","","TRUE","FALSE","2849","FALSE","TRUE","TRUE","2912","TRUE","TRUE","","  600 ","","0908-ET","Tours Frontenac","1850, rue Bercy","Montréal","6 mai","7h30-9h","Giovanni Santopietro ou 514 823 0335 ou sur place Mario Beauchesne","","","responsable Giovanni Santopietro ou 514 823 0335 ou sur place Mario Beauchesne, Oui accés a un stationnement sur la terrasse ou a l`interior du garage / Aimerait début avril","H2K 1X3","FALSE","","1","2","","","TRUE","TRUE","FALSE","FALSE","gsantopietro@g3p.ca","","","FALSE","FALSE","FALSE","","","","FALSE","","","","","","","","","","","",""
"Résidences","","TRUE","FALSE","2849","FALSE","TRUE","TRUE","2912","TRUE","TRUE","219,8","  2 335 ","","0955-ET","Résidence LE22","4400, rue Jean-Talon Est","Montréal","6 mai","10h-12h30","Benoit Arsenault (514) 372-3838 ou Daniel Dodd","","Manque tapis #10, gros tapis beige sans nom à l'entrepôt. Attendre avant de planifier l'installation, le client va appeler solatech car nous n'allons peut-être pas installer..le tapis est très usé et nuis au personnel de la cuisine","Si camion pas trop gros, possibilité d’une place a l’intérieur sinon, devant la Résidence.  -  Michel Joncas 514-372-3838","H1S 0C5","FALSE","","","","","","TRUE","FALSE","FALSE","FALSE","cse@residencele22.com","","","FALSE","FALSE","TRUE","","","","FALSE","","","","","","","","","","","",""
"Condo","","TRUE","FALSE","2880","FALSE","TRUE","TRUE","2912","TRUE","TRUE","","  778 ","","1263-ET","TAK phase 1","4820, 4e Avenue","Montréal","24 mai","7h30-8h30","Code boite à clé fournisseur : 2308","","","et tak 1 950 Pc ???? Courriel Guylaine 8 mai 23 : 778pc","H1Y 2T8","FALSE","","","6","","","TRUE","FALSE","FALSE","FALSE","quentin.plachta@solutioncondo.com","","","FALSE","FALSE","TRUE","","","","FALSE","","","","","","","","","","","",""
"Édifice","","TRUE","FALSE","2880","FALSE","TRUE","TRUE","2912","TRUE","TRUE","","  420 ","","1197-ET","CPE Coeur de l'Île","2830, rue Gilford","Montréal","24 mai","8h30-9h30","Madame Maryse Houle.","","","LAISSEZ LE TAPIS DE L'ENTRÉE PRINCIPALE SUR PLACE ***PRENDRE LES MESURES POUR  L'AJOUT D'UN TAPIS À LA POUPONIIÈRE ET L'ENTRÉE EXT. ARRIÈRE.  À faire pour l'automne prochain","H1Y 3N2","FALSE","","2","1","","","TRUE","TRUE","FALSE","FALSE","craymond@cpeile.com","","","FALSE","FALSE","FALSE","","","","FALSE","","","","","","","","","","","",""
"Condo","","TRUE","FALSE","2880","FALSE","TRUE","TRUE","2912","TRUE","TRUE","","  526 ","","1247-ET","TAK Phase 6 ","4801, 2e avenue","Montréal","24 mai","9h45-10h45","Code boite à clé fournisseur : 2308","","","","","FALSE","","","","","","TRUE","FALSE","FALSE","FALSE","quentin.plachta@solutioncondo.com","","","FALSE","FALSE","TRUE","","","","FALSE","","","","","","","","","","","",""
"Commerce","","TRUE","FALSE","2880","FALSE","TRUE","TRUE","2912","TRUE","TRUE","","  282 ","","1207-ET","Uvée- Optométriste de Quartier","1668, rue Laurier Est","Montréal","24 mai","11h-12h","Steven Sutton le responsable sur place - Alex-Anne Harvey  514-521-1515","","","pas de stationnment assigné","H2J 1J2","FALSE","","1","1","","","TRUE","FALSE","FALSE","FALSE","alex-anne.harvey@uvee.ca","","","FALSE","FALSE","FALSE","","","","FALSE","","","","","","","","","","","",""
"","","TRUE","FALSE","2839","FALSE","TRUE","TRUE","2912","TRUE","TRUE","","  341 ","","1287-ET","Édifice à bureaux (Expos)","2265, Fernand-Lafontaine","Longueuil","29 avril","16h45-17h30","Gilbert Côté 514-800-7746 p 228","","","","J4G 2R8","","","","","","","TRUE","TRUE","FALSE","FALSE","gcote@prio.ca","","","FALSE","FALSE","FALSE","","","","FALSE","","","","","","","","","","","",""
"Condo","","TRUE","FALSE","2849","FALSE","TRUE","TRUE","2912","TRUE","TRUE","20","  535 ","","1003-ET","Promenade du Parc","1920, rue Adoncour","Longueuil","9 mai","13h15-14h15","Régent Nadeau au #219, 450-647-6607.","","Il manque un tapis d’hiver du côté sud de l’immeuble","Le stationnement est disponible en face des portes principales de l’immeuble","J4N 1T4","FALSE","","2","1","","","TRUE","TRUE","FALSE","FALSE","lpepin@laucandrique.ca","","","FALSE","FALSE","FALSE","","","","FALSE","","","","","","","","","","","",""
"Édifice","","FALSE","FALSE","2857","FALSE","TRUE","TRUE","2912","TRUE","TRUE","","  796 ","","1205-ET","Ordre des dentistes du Québec - suite 1640","800, René Levesque O","Montreal","16 mai","15h-16h","Viviane Coudsi, c’est notre réceptionniste.","","Repositionnement tapis fait","Nouvelle configuration à l'automne, à revoir -  _ omis d’enlever ceux qui se situent au 1645, Fonds d’assurance-responsabilité pour l’Ordre des dentistes du Québec. Marie-Eve Lapointe 514-875-8511 #2326","H3B 1X9","FALSE","","2","2","","","TRUE","TRUE","FALSE","FALSE","marie-eve.lapointe@odq.qc.ca","","","FALSE","FALSE","TRUE","","","","FALSE","","","","","","","","","","","",""
"","","TRUE","FALSE","2857","FALSE","TRUE","TRUE","2912","TRUE","TRUE","","  460 ","","1290-ET","Coop Montagne verte ","1285, St-Jacques","Montreal","16 mai","14h-15h","contact est Gilles Duhamel au 514-765-8921","Ils ont oublié ceux du Sous-sol a la sortie des ascenseurs près du garage","","","","","","","","","","TRUE","FALSE","FALSE","FALSE","entretien@coopmontagneverte.com","","","FALSE","FALSE","FALSE","","","","FALSE","","","","","","","","","","","",""
"Édifice","","TRUE","FALSE","2821","FALSE","TRUE","FALSE","2912","TRUE","TRUE","","1036","","1304-ET","Clinique Quatuor MD - 27e étage","800 rue du Square Victoria","Montréal","13 mars","","Geneviève Grenier","","","","","FALSE","FALSE","","","FALSE","FALSE","FALSE","FALSE","FALSE","FALSE","","","","","","","","","","","","","","","","","","","","","",""
"Édifice","","TRUE","FALSE","2857","FALSE","TRUE","TRUE","2912","TRUE","TRUE","16","  528 ","","1243-ET","Allied Properties","755, rue Berri","Montréal","13 mai","15h30-16h30"," Nick Prockow – 514 895 7584","","","","H2Y 3Y7","FALSE","","","5","","","TRUE","FALSE","FALSE","FALSE","dercolano@alliedreit.com","","","FALSE","FALSE","TRUE","","","","FALSE","","","","","","","","","","","",""
"","","TRUE","FALSE","2857","FALSE","TRUE","TRUE","2912","TRUE","TRUE","","  314 ","","1282-ET","Transition Centre-Sud","1819, boul. Rosemont","Montréal","15 mai","","Nathalie Daniel ou au bureau d’accueil Elizabeth ou Victor","JE NE PEUX PAS ROMPRE LE SERVICE D'ENTRETIEN PARCE  CE CLIENT","","","H2G 1S5","","","","","","","FALSE","FALSE","FALSE","FALSE","jdeslauriers@transitioncentresud.ca","","","FALSE","FALSE","TRUE","","","","FALSE","","","","","","","","","","","",""
"Résidences","","TRUE","FALSE","2857","FALSE","TRUE","TRUE","2912","TRUE","TRUE","38,4","  1 035 ","","0970-ET","Les Jardins Windsor","651, rue de la Montagne","Montréal","16 mai","11-12h30","Contact sur place M ALAN AU 514-973-4833","","","","H3C 0G2","FALSE","","2","2","","","TRUE","FALSE","FALSE","FALSE","gestionmtl4@gestactif.com; guy.gervais@gmail.com","","","FALSE","FALSE","FALSE","INSTALLATION DE MOULURES","","","FALSE","","","","","","","","","","","",""
"","","TRUE","FALSE","2857","FALSE","TRUE","TRUE","2912","TRUE","TRUE","46,5","  662 ","","1292-ET","Héritage du Plateau","310, rue Rachel Est","Montréal","15 mai","12h45","Chantal Pelletier (514) 812-8946 ou Jill Da Silva (438) 928-9177.","1 ascenceur pas fait réparation depuis longtemps","29 nov : Aucun des tapis d'ascenseur n'est fait pour cet endroit,  à été fait s neuf l'an passé,  à peut-être été utilisé ailleurs. 
****Ne pas y retourner avec la remorque,  impossible de se stationner même en double sans bloquer la circulation ****  Un tapis d'ascenseur manquant"," Chantal Pelletier","H2W 0A1","","","","","","","TRUE","TRUE","FALSE","FALSE","dg@heritageplateau.com;maintenance@heritageplateau.com","","","FALSE","FALSE","FALSE","","","","FALSE","","","","","","","","","","","",""
"Condo","","TRUE","FALSE","2857","FALSE","TRUE","TRUE","2913","TRUE","TRUE","","  1 439 ","","1196-ET","SDC La chancellerie du Vieux-Montréal","460, rue du Champ de Mars","Montréal","16 mai","8h30-10h30","Yoandy concierge  450-806-6682 boite à clé au 460 : 2140","","","Code de la boîte à clés 2140 autre boite 5286","H2Y 1B4","FALSE","","2","4","","","TRUE","FALSE","FALSE","FALSE","gnuckle@lecsor.com","","","FALSE","FALSE","FALSE","","","","FALSE","","","","","","","","","","","",""
"Condo","","TRUE","FALSE","2857","FALSE","TRUE","TRUE","2913","TRUE","TRUE","","  426 ","","1202-ET","SDC Alinéa","10011 boul. Pie IX","Montréal","17 mai","9h45-10h45","Aimé 514-265-8196","","Vous pouvez contacter l’intendant au 514-265-8196 du lundi au vendredi et il est présent à l’immeuble de 8h à 15h. S’il y a quoi que ce soit, veuillez me contacter : Jennifer au 438-523-3687","","H1H 3Z3","FALSE","","2","1","","","TRUE","FALSE","FALSE","FALSE","daniela.ndao@solutioncondo.com","","","FALSE","FALSE","TRUE","","","","FALSE","","","","","","","","","","","",""
"Édifice","","TRUE","FALSE","2829","FALSE","TRUE","TRUE","2913","TRUE","TRUE","","  4 425 ","","1183-ET","Gare Windsor","1100 av Des canadiens ","Montreal ","12 avril","15-21h","Simon Paquet","","bureaux du 3ieme et 4ieme  de la gare Windsor nous n'avons pas pu les installer,  aucun agent de sécurité disponible pour nous   Manque ascenseur #4. Petit très usé  - Devant les portes du lobby du 1160 Avenue-des-canadiens-de-Montréal / les poches d'air empêchent les portes d'ouvrir et accroche, ce qui fait que le tapis ne va pas durer longtemps / dans la cabine d'ascenseur no.6, le tapis n'a pas été installé - 900 peel manque tapis #2 / Complété sauf intérieur bureau 910 peel 3ieme et 4ieme étage,  pas de gardien disponible.  ","(4510pc réinstallation) CRÉDIT NC-10 - 85pc de moins niveau 1 jamais installé  910 peel ASCENSEUR 6 Hors d'usage,  pas pu retirer le tapis","","FALSE","","2","6","","","TRUE","FALSE","FALSE","FALSE","simon.paquet@cadillacfairview.com","","","FALSE","FALSE","FALSE","","","","FALSE","","","","","","","","","","","",""
"Édifice","","TRUE","FALSE","2829","FALSE","TRUE","TRUE","2913","TRUE","TRUE","","  9 088 ","","1182-ET","Tour Deloitte","1115 St-Antoine ","Montréal ","13 avril","12-21h","Simon Paquet","","***Reste à installer tapis #51, 52 et 53 qui doivent être coupés par Dominic dû au nouveau kiosque de restauration. Et reste insertion #84 à installer ****","","","FALSE","","4","8","","","TRUE","FALSE","FALSE","FALSE","simon.paquet@cadillacfairview.com","","","FALSE","FALSE","FALSE","","","","FALSE","","","","","","","","","","","",""
"Condo","","TRUE","FALSE","2821","FALSE","TRUE","TRUE","2913","TRUE","TRUE","","  2 095 ","","0812-ET","LE Sanctuaire,  phase 4","6111, du Boisé","Outremont","5 avril","14h-17h","Chantale Degranpré / Michaël mon surintendant","","","stationnement pour les entrepreneurs/visiteurs : Aimerait à la mi-avril soit un mercredi ou un jeudi.","H3S 1P1","FALSE","","2","3","","","TRUE","TRUE","FALSE","FALSE","6111duboise@hotmail.ca","","","FALSE","FALSE","TRUE","","Manque tapis sous sol jamais Réins depuis 2 ans ","","FALSE","","","","","","","","","","","",""
"Condo","","TRUE","FALSE","2829","FALSE","TRUE","TRUE","2913","TRUE","TRUE","","  1 315 ","","1165-ET","Northcrest - SDC6301","6301 rue Northcrest","Outremont","11 avril","11h30-13h30","M Paul","Tapis permanent à changer courriel envoyé 11 avril   Installer les tapis de pluie","Ascenseur LM pas installé, hors fonction tapis laisser sur place  FAIT","entretien@syndicatnorthcrest.ca     Paul 514-773-4660","H3S 2W3","FALSE","","2","2","","","TRUE","TRUE","FALSE","FALSE","gestionnaire@syndicatnorthcrest.ca","","","FALSE","FALSE","TRUE","","","","FALSE","","","","","","","","","","","",""
"Résidences","","TRUE","FALSE","2880","FALSE","TRUE","TRUE","2913","TRUE","TRUE","57","  2 333 ","","0982-ET","L'Image d'Outremont","1040, ave Rockland","Outremont","20 mai","7h30-10h30","Dominic Boulanger 514-216-9804","","**Manque tapis asc3, était inexistant l'année passée, cliente veut en avoir un****","PRENDRE NOTE QUE LES TAPIS D'ASCENSEUR N'ONT JAMAIS ÉTÉ INSTALLÉS, NE PAS LES OUBLIÉS À L'AUTOMNE Jean-Claude Laporte 514-948-1040 - Stationnement portes central","H2V 3A1","FALSE","","2","3","","","TRUE","FALSE","FALSE","FALSE","cse@limagedoutremont.com","","","FALSE","FALSE","TRUE","","","","FALSE","","","","","","","","","","","",""
"Édifice","","TRUE","FALSE","2880","FALSE","TRUE","TRUE","2913","TRUE","TRUE","","  1 344 ","","0966-ET","950 Beaumont","950, rue Beaumont","Outremont","20 mai","14h30-17h","Ricardo 514 244 6288","2e étage portes barrées - contact dit de les laisser là - va appeler si changement","","","H3N 1V5","FALSE","","2","3","","","TRUE","FALSE","FALSE","FALSE","Carole Castilloux <ccastilloux@alcovicapital.com>","","","FALSE","FALSE","TRUE","","","","FALSE","","","","","","","","","","","",""
"Édifice","","TRUE","FALSE","2857","FALSE","TRUE","TRUE","2913","TRUE","TRUE","41,9","  538 ","","1138-ET","Carmichael","3822, ave de Courtrai","Outremont","13 mai","10h30-11h30","Barry Fahey","If there is no choice we will take the 13th of May but not happily. We had originally requested that they be removed mid April every year.","A la demande du client nous avons remplacé les moulures","FAire attention à la réinstallation ces moulures sont bombées.","H3S 1C1","FALSE","","2","2","","","TRUE","TRUE","FALSE","FALSE","bfahey@carmichael-eng.ca","","","FALSE","FALSE","TRUE","","","","FALSE","","","","","","","","","","","",""
"Condo","","TRUE","FALSE","2857","FALSE","TRUE","TRUE","2913","TRUE","TRUE","","  954 ","","1234-ET","SDC du Boisé de la Colline","24, rue Bates","Outremont","13 mai","12h-13h30","Choucri Craissati 514-236-5515","This is not good service.","surcharge 3 h installation (comme neuf) Installation presque neuf le gars il a modifié toute l’entrée et la mezzanine (toutes les tapis j’ai les modifier avec les changements ça me pris 6.30h seul )   COUPER DES TAPIS SUITE AUX RÉNOVATIONS (DOMINIC)","Nous allons rénover notre Hall d’entrée à partir du 13 mars 2023. Est-ce que vous pouvez venir au plus tard le 10 mars pour retirer les tapis et les entreposer ?","H2V 1A8","FALSE","","","10","","","TRUE","TRUE","FALSE","FALSE","conseilbdc@gmail.com","","","FALSE","FALSE","FALSE","","","","FALSE","","","","","","","","","","","",""
"Condo","","FALSE","FALSE","2857","FALSE","TRUE","TRUE","2913","TRUE","TRUE","","  814 ","","1294-ET","Les Cours d'Outremont","970, ave McEachran","Outremont","13 mai","14h-15h","vous donner les accès est Madame BOSSE (514) 824-6163.","","PAYÉ","La personne qui peut vous donner les accès est Madame BOSSE (514) 824-6163.
Est-ce que tu peux le faire en même temps que Northcrest la semaine prochaine ? Annie Bonnard 514-564-2200","","","","","","","","TRUE","FALSE","FALSE","FALSE","lescoursoutremont@sequoias.ca","","","FALSE","FALSE","TRUE","","","","FALSE","","","","","","","","","","","",""
"Édifice","","TRUE","FALSE","2838","FALSE","TRUE","TRUE","2913","TRUE","TRUE","","  4 300 ","","1103-ET","Agence Spaciale  Canadienne","6767. route de l'aéroport","Saint-Hubert","25 avril","15h30-21h","Benoit Haché 514-754-4918","SOUMETTRE LE NOMS DES EMPLOYÉS QUI FERONT L'ENLÈVEMENT DES TAPIS UNE SEMAINE AVANT LA DATE","","","J3Y 8Y9","FALSE","","3","5","","","TRUE","TRUE","FALSE","FALSE","Benoit.Hache@asc-csa.gc.ca;mathieu.gamache2@canada.ca","","","FALSE","FALSE","FALSE","","","","FALSE","","","","","","","","","","","",""
"Édifice médical","","TRUE","FALSE","2849","FALSE","TRUE","TRUE","2913","TRUE","TRUE","56,4","  1 077 ","","1239-ET","CHSLD Dr. Chevrier","700, rue Docteur Chevrier","Saint-Lambert","9 mai","14h45-15h45","Jean-Yves Martin  514-974-5209","","","Si vous venez tôt plus facile de trouver un stationnement.","","FALSE","","","","","","TRUE","FALSE","FALSE","FALSE","jeanyvesmartin04@hotmail.com","","","FALSE","FALSE","FALSE","","","","FALSE","","","","","","","","","","","",""
"","","TRUE","FALSE","2880","FALSE","TRUE","TRUE","2913","TRUE","TRUE","","  295 ","","1270-ET","Héma-Québec","7, boul. des Promenades","St-Bruno","24 mai","14h-15h","Guillaume Jean au 819-371-8303 ou Marie-Claire Labrecque (438) 860-4785","NE PAS JETER LES TAPIS, ILS SONT NEUFS","","","J3V 5J5","","","","","","","TRUE","FALSE","FALSE","FALSE","JeanGauthier.Kouadjo@hema-quebec.qc.ca","","","FALSE","FALSE","FALSE","","","","FALSE","","","","","","","","","","","",""
"Résidences","","TRUE","FALSE","2849","FALSE","TRUE","FALSE","2913","TRUE","TRUE","120,8","  1 836 ","","1324-ET","Quartier Mont Saint-Hilaire","330, Honorious-Charbonneau","St-Hilaire","9 mai","8h-10h","Dominc Gauthier","Ascenseur 3 pas enlevé travaux en cours","","","","FALSE","FALSE","","","FALSE","FALSE","TRUE","FALSE","FALSE","FALSE","dg@lequartiermontsainthilaire.com","","","","","","","","","","","","","","","","","","","","",""
"Commerce","","TRUE","FALSE","2857","FALSE","TRUE","FALSE","2913","TRUE","TRUE","","  570 ","","","Académie de Danse de Montréal","8265 Boul. Langelier","St-Léonard","15 mai","","Jeff Dichter à faire en mai _ contact sur place Melanie Hattem or Dolores","","","","","FALSE","FALSE","","","FALSE","FALSE","TRUE","FALSE","FALSE","FALSE","jeffdichter1@gmail.com","","","","","","","","","","","","","","","","","","","","",""
"Résidences","","TRUE","FALSE","2829","FALSE","TRUE","FALSE","2913","TRUE","TRUE","","  1 246 ","","1310-ET","Residence du Marché","25, rue du Marché","Ste-Thérèse","9 avril","13h30-15h30","Louis-Philippe Beaulac 450-433-6544- cel 514-238-8786","","","","","FALSE","FALSE","","","FALSE","FALSE","TRUE","TRUE","FALSE","FALSE","cse@lesresidencesdumarche.com, dg@lesresidencesdumarche.com","","","","","","","","","","","","","","","","","","","","",""
"Résidences","","TRUE","FALSE","2829","FALSE","TRUE","FALSE","2913","TRUE","TRUE","","  727 ","","","Cloria cité","3475, Montée Gagnon","Terrebonne","9 avr.","11h30","Nancy Canuel","AJOUT POUR LE SERVICE D'ENTRETIEN ","","","","","FALSE","","","","","TRUE","","FALSE","FALSE","nancycanuel@cloriacite.ca","","","","","","","","","","","","","","","","","","","","",""
"Édifice","","TRUE","FALSE","2830","FALSE","TRUE","TRUE","2913","TRUE","TRUE","","  3 120 ","","1201-ET","Usine Atwater","999, rue Dupuis","Verdun","18 avril","11h30-15h30","Jean-Marc Ouellet","","Manque tapis porte 28 #1 (long tapis de vinyle 50 pieds )","À FAIRE ENTRE LE 17 ET 28 AVRIL","H4G 3L4","FALSE","","2","4","","","TRUE","FALSE","FALSE","FALSE","jean-marc.ouellet@montreal.ca","","","FALSE","FALSE","FALSE","","","","FALSE","","","","","","","","","","","",""
"Condo","","TRUE","FALSE","2849","FALSE","TRUE","TRUE","2913","TRUE","TRUE","95,5","  642 ","","1185-ET","Bella Vista Phase II","3625, rue Jean Gascon","Ville saint-Laurent","10 mai","15h-16h","Jean-Pierre Rayes 514-794-1400","","","","H4R 0K6","FALSE","","1","2","","","TRUE","FALSE","FALSE","FALSE","bellavista3625@in.upperbee.com","","","FALSE","FALSE","TRUE","","","","FALSE","","","","","","","","","","","",""
"","","TRUE","FALSE","2849","FALSE","TRUE","TRUE","2913","TRUE","TRUE","92","  486 ","","1186-ET","Bella Vista Phase I","3655, rue Jean-Gascon","Ville saint-Laurent","10 mai","16h-17h","Le concierge pourra vous faire entrer (bouton Concierge sur intercom).","Commencer par le 3625","","","H4R 0K6","FALSE","","1","1","","","TRUE","FALSE","FALSE","FALSE","jp@bv3655.ca","","","FALSE","FALSE","TRUE","","","","FALSE","","","","","","","","","","","",""
"Édifice","","TRUE","FALSE","2831","FALSE","TRUE","FALSE","2913","TRUE","TRUE","","","5877","1308-ET","Manuvie","900 de Maisonneuve O","","20 avril","11-21h","Sylvain Côté 438-455-6894","","","","","FALSE","FALSE","","","FALSE","FALSE","TRUE","TRUE","FALSE","FALSE","sylvain.cote@jll.com","","","","","","","","","","","","","","","","","","","","",""
"","","FALSE","FALSE","2895","TRUE","TRUE","TRUE","2913","TRUE","TRUE","28","636","","","Les Pignons Du St-Laurent 3","8065 St-Laurent, Brossard, J4X 2A1","","10 juin","","Yvan Julien  514-984-7192","","","","","","","","","","","","","FALSE","FALSE","elerouzes@laucandrique.ca","","","","","","","","","","","","","","","","","","","","",""
"Condo","","TRUE","FALSE","2839","FALSE","TRUE","FALSE","2913","TRUE","TRUE","45","1738","","1318-ET","7227 boul. Newman SDC ","7227 boul. Newman","","2 mai","11h30-14h","Quentin Plachta 514-935-6999 x 259","","","","","FALSE","FALSE","","","FALSE","FALSE","TRUE","TRUE","FALSE","FALSE","quentin.plachta@solutioncondo.com","","","","","","","","","","","","","","","","","","","","",""
"","","","","","","","","","","","","","","","","","","","","","","","","","","","","","","","","","FALSE","FALSE","","","","","","","","","","","","","","","","","","","","","",""
"Édifice","","FALSE","FALSE","2880","FALSE","TRUE","TRUE","","FALSE","FALSE","","  2 307 ","","0967-ET","Centre Culturel Notre Dame de Grâce","6400, ave Monkland","Notre-Dame de Grâce","22 mai","8h30","2023 : nettoyer en entrepôt + entreposage          Irinel Stingaciu (514 280-3637) et/ou Céline Cournoyer (514 872-3581)","NOUS CHANGEONS TOUS LES TAPIS","","","H4B 1H3","FALSE","","2","4","","","TRUE","FALSE","FALSE","FALSE","irinel-maria.stingaciu@montreal.ca;noella.tetreault@montreal.ca","","","FALSE","FALSE","TRUE","","","","FALSE","","","","","","","","","","","",""
"Édifice","","FALSE","FALSE","2849","TRUE","TRUE","TRUE","","FALSE","FALSE","","  170 ","","1268-ET","Héma-Québec  - Place du Commerce","7, Place du Commerce","Brossard","9 mai","16h-17h","2023 : nettoyer en entrepôt + entreposage        438-864-3520","JETER LES TAPIS","","courriel pas bon : ryan.massab@hema-quebec.qc.ca","J4W 3K3","FALSE","","1","1","","","TRUE","FALSE","FALSE","FALSE","JeanGauthier.Kouadjo@hema-quebec.qc.ca","","","FALSE","FALSE","TRUE","","","","FALSE","","","","","","","","","","","",""
"Édifice","","FALSE","FALSE","2857","TRUE","TRUE","TRUE","","FALSE","FALSE","","  1 135 ","","0743-ET","Collège Stanislas","780, boul. Dollard","Outremont","15 mai","7h30","2023 : nettoyer en entrepôt + entreposage             Martin Ducharme","JETER LES TAPIS À L'EXCEPTION DE L'ENTRÉE McEACHRAN","* manque tapis entrée MC eachran, n'est pas sur les plans, je crois que c'est une nouvelle installation..","DERNIÈRE SEMAINE D'AVRIL IL N'Y A PAS D'ÉLÈVES","H2V 3G5","FALSE","","2","4","","","TRUE","FALSE","FALSE","FALSE","sylvie.marie@stanislas.qc.ca","","","FALSE","FALSE","FALSE","","","","FALSE","","","","","","","","","","","",""
"Édifice médical","","FALSE","FALSE","2849","TRUE","TRUE","TRUE","","FALSE","FALSE","","  887 ","","0976-ET","Dr.Lacoste, 3e étage","3333, 100e Avenue","Laval","8 mai","13h15-14h45","2023 : nettoyer en entrepôt + entreposage                 Louis-Philippe Lebire","JETER LES TAPIS du RDC et 3e étage","","SI  POSSIBLE UN VENDREDI","H7T 3C4","FALSE","","2","2","","","TRUE","FALSE","FALSE","FALSE","louisphilippe.lebire@gmail.com, genevievechaput@videotron.ca","","","FALSE","FALSE","TRUE","","manque tapis porte 18 ","","FALSE","","","","","","","","","","","",""
"Édifice","","TRUE","FALSE","2830","FALSE","TRUE","TRUE","","FALSE","FALSE","","  583 ","","0963-ET","1616 Rene Levesque O","1616 Rene Levesque O"," ","18 avril","18h-21h","2023 : nettoyer en entrepôt + entreposage","À PARTIR DE 17H30","","","H3H 2V2","FALSE","","2","2","","","TRUE","TRUE","FALSE","FALSE","Clemence.Cabanis@bgo.com","","","FALSE","FALSE","TRUE","Plus transport","pas de charge usagé /inclus dans neuf ","","FALSE","","","","","","","","","","","",""
"Édifice","","FALSE","FALSE","2857","TRUE","TRUE","TRUE","","FALSE","FALSE","","  230 ","","1266-ET","Héma-Québec","1600, boul. le Corbusier","Laval","17 mai","15h-16h","2023 : nettoyer en entrepôt + entreposage             Dominique Boily au 514-946-4601 ou Jessie Beauregard : (438) 864-7887","JETER LES TAPIS","","","H7S 1Z2","FALSE","","1","1","","","TRUE","FALSE","FALSE","FALSE","JeanGauthier.Kouadjo@hema-quebec.qc.ca","","","FALSE","FALSE","TRUE","","Installation avec tactile","","FALSE","","","","","","","","","","","",""
"Édifice","","FALSE","FALSE","2857","TRUE","TRUE","TRUE","","FALSE","FALSE","","  105 ","","1265-ET","Héma-Québec - Sherbrooke Est","7275, rue Sherbrooke Est","Montréal","17 mai","7h30-8h30","2023 : nettoyer en entrepôt + entreposage         Tushar Khan au 438-354-1908 ou Niamat Akallakh : (514) 805-7835","JETER LES TAPIS","","","H1N 1E9","FALSE","","1","1","","","TRUE","FALSE","FALSE","FALSE","JeanGauthier.Kouadjo@hema-quebec.qc.ca","","","FALSE","FALSE","TRUE","","","","FALSE","","","","","","","","","","","",""
"","","FALSE","FALSE","","FALSE","FALSE","FALSE","","FALSE","FALSE","","  2 355 ","","","Éolia","625, de l'Équinoxe","Broasard","","","installation 2022 , pas de service 2023 ","","","","","FALSE","FALSE","","","FALSE","FALSE","FALSE","FALSE","FALSE","FALSE","","","","","","","","","","","","","","","","","","","","","",""
"","","FALSE","FALSE","","FALSE","FALSE","FALSE","","FALSE","FALSE","","  1 954 ","","","Le Nobel","50 Place de l'Éclipse","Brossard","","","installation 2022 , pas de service 2023 ","","","","","FALSE","FALSE","","","FALSE","FALSE","FALSE","FALSE","FALSE","FALSE","","","","","","","","","","","","","","","","","","","","","",""
"Commerce","","TRUE","FALSE","","FALSE","TRUE","TRUE","","TRUE","TRUE","","  158 ","","1192-ET","Précivision","5155, Grande-Allée","Brossard","","","Hajar Chaabi et/ou France Gougeon","","","suggère à l'arrière de la clinique","J4Z 3G1","FALSE","","1","1","","","TRUE","FALSE","FALSE","FALSE","precivisionbrossard@gmail.com","","","FALSE","FALSE","TRUE","","","","FALSE","","","","","","","","","","","",""
"Édifice","","FALSE","FALSE","2849","TRUE","TRUE","TRUE","","FALSE","FALSE","","  970 ","","1264-ET","Héma-Québec, 4045, Côte-Vertu","4045, Côte-Vertu","Saint-Laurent","10 mai","11h-12h30","Tapis jeter","JETER LES TAPIS","À la demande du cadre Éric Gervais le tapis #7 n'a pas été installé et laissé sur place","JeanGauthier.Kouadjo@hema-quebec.qc.ca","H4R 2W7","FALSE","","2","3","","","TRUE","FALSE","FALSE","FALSE","steve.lessard@hema-quebec.qc.ca","","","FALSE","FALSE","TRUE","","","","FALSE","","","","","","","","","","","",""
"Condo","","FALSE","FALSE","","FALSE","FALSE","FALSE","","FALSE","FALSE","","  2 886 ","","","Victoria Sur Le Parc","700 rue St-Jacques Ouest","Montréal","26 avril","14-17h","Contact sur place svp","Tapis deja retirer ","","","","FALSE","FALSE","","","FALSE","FALSE","FALSE","FALSE","FALSE","FALSE","","","","","","","","","","","","","","","","","","","","","",""
"Condo","","TRUE","FALSE","","FALSE","TRUE","TRUE","","TRUE","TRUE","","  473 ","","1291-ET","Cité Angus Phase II","4240, Auguste-Frigon","Montréal","","","Kévin Dujardin","","","Code d'accès  #5351 - Lobby + lobby secondaire étages 2 à 5 + 2 ascenseurs","","","","","","","","TRUE","FALSE","FALSE","FALSE","benjamin.combeaud@solutioncondo.com;kevin.dujardin@solutioncondo.com","","","FALSE","FALSE","FALSE","","","","FALSE","","","","","","","","","","","",""
"","","TRUE","FALSE","","FALSE","TRUE","TRUE","","TRUE","TRUE","","  176 ","","1295-ET","I am Gold","2000 rue de l'Éclipse, 5e étage","Brossard","","","Chantal Levesque 450-677-0044 x 113310","","","","J4Z 0S2","","","","","","","TRUE","FALSE","FALSE","FALSE","chantal_levesque@iamgold.com","","","FALSE","FALSE","FALSE","","","","FALSE","","","","","","","","","","","",""
"Édifice","","TRUE","FALSE","","FALSE","TRUE","TRUE","","TRUE","TRUE","","  162 ","","1198-ET","FADOQ","7537, rue St-Hubert","Montréal","","","Rosée Tremblay","","","Rosée Tremblay ","H2R 2N7","FALSE","","1","1","","","TRUE","FALSE","FALSE","FALSE","adjadmin@fadoqmtl.org","","","FALSE","FALSE","FALSE","","","","FALSE","","","","","","","","","","","",""
"","","TRUE","FALSE","","FALSE","TRUE","TRUE","","TRUE","TRUE","","  747 ","","1289-ET","5790 Rembrandt","5790, ave Rembrandt","Montréal","","","Laszlo 514-947-9444 or Office manager Pavel (514-486-2634)","","","You can park at the front of the building. Superintendent will show you the spo","H4W 2V2","","","","","","","TRUE","TRUE","FALSE","FALSE","remb5790@gmail.com","","","FALSE","FALSE","FALSE","","","","FALSE","","","","","","","","","","","",""
"","","TRUE","FALSE","","FALSE","TRUE","TRUE","","TRUE","TRUE","","  223 ","","1280-ET","SSENSE ","418, St-Sulpice","Montréal","16 mai","7h30-8h15","Clément Cousin","","À la demande du client : 1 roulette donnée au client pour son auto installation avant ","","H2Y 2V5","","","","","","","TRUE","FALSE","FALSE","FALSE","clement.cousin@ssense.com","","","FALSE","FALSE","TRUE","","","","FALSE","","","","","","","","","","","",""
"Édifice médical","","TRUE","FALSE","","FALSE","TRUE","TRUE","","TRUE","TRUE","","465","","1241-ET","Clinique Nord, 1e étage","3333, 100e Avenue","Laval","","","Chems Diouri 450-233-2287x202","","NE PAS LIVRER LES TAPIS, LE CLIENT NE PAYE PAS","Stationnement avant","H7T 0G3","","","","","","","TRUE","FALSE","FALSE","FALSE","akuah@cliniquenord.com; Chems Diouri <chems@cliniquenord.com>1291","","","FALSE","FALSE","TRUE","","","","FALSE","","","","","","","","","","","",""
"Commerce","","TRUE","FALSE","","FALSE","TRUE","TRUE","","TRUE","TRUE","","  252 ","","1250-ET","Regard en Elle","70, Cherrier","Repentigny","","","Josée Tellier et Marie Jo Landry","","","","","FALSE","","","5","","","TRUE","FALSE","FALSE","FALSE","directricegenerale@regardenelle.org","","","FALSE","FALSE","FALSE","","","","FALSE","","","","","","","","","","","",""
"","","TRUE","FALSE","","FALSE","TRUE","TRUE","","TRUE","TRUE","","  519 ","","1250-ET","Regard en Elle","180, rue Lacombe","Repentigny","","","Laurence Reglin","","","","","FALSE","","","","","","TRUE","FALSE","FALSE","FALSE","directricegenerale@regardenelle.org","","","FALSE","FALSE","FALSE","","","","FALSE","","","","","","","","","","","",""
"Commerce","","TRUE","FALSE","","FALSE","TRUE","TRUE","","TRUE","TRUE","","  296 ","","1187-ET","Garderies Les Bambins Bricoleurs","5101, rue Beaubien Est","Montréal","","","Khadija Darid (514) 961-0903","","","","H1T 1V8","FALSE","","1","1","","","TRUE","TRUE","FALSE","FALSE","khadijadarid@gmail.com","","","FALSE","FALSE","TRUE","","","","FALSE","","","","","","","","","","","",""
"Édifice","","TRUE","FALSE","","FALSE","TRUE","TRUE","","TRUE","TRUE","","  866 ","","1242-ET","Enfance pour Tous","13950 rue de la Chapelle","Mirabel","","","Roselyne Malo-Harel (Directrice) 450-821-9997 / Catherine Deschambault (Adjointe M2) / Marie-Pier Dessureault (Adjointe M1)","","","Il a seulement enlevé les tapis d'un côté, mais pas de l'autre..  Pour les deux adresses","J7J 2C8","FALSE","","","8","","","TRUE","TRUE","FALSE","FALSE","roselyne.malo-harel@enfancepourtous.ca","","","FALSE","FALSE","FALSE","","","","FALSE","","","","","","","","","","","",""
"Édifice","","TRUE","FALSE","","FALSE","TRUE","TRUE","","FALSE","TRUE","","","525","1222-ET","Gowling WLG (Tuile)","1, Place Ville-Marie, 37e etage","Montréal","29 avril","18h-20h","Gaetan Void 514-222-8154","Pour tout changement de situation informer le client","","quai de chargement de la Place Ville-Marie pour décharger votre équipement pour une période de 20mins seulement après quoi votre camion devra sortir","","FALSE","","","","","","TRUE","FALSE","FALSE","FALSE","Gaetan.Void@gowlingwlg.com","Carreaux","","FALSE","FALSE","TRUE","","","","FALSE","","","","","","","","","","","",""
"Commerce","","TRUE","FALSE","","FALSE","TRUE","TRUE","","TRUE","TRUE","","  669 ","","1244-ET","Clinique MedNam 3e","2000 rue Notre-Dame","Lachine","","","Zineb Fates OU Jennifer Wilson","","Manque tapis #1","Patricia Rochette 514-780-1873 p. 3007","H8S 2G4","FALSE","","","","","","TRUE","TRUE","FALSE","FALSE","patricia.rochette@cliniquemednam.com","","","FALSE","FALSE","FALSE","","","","FALSE","","","","","","","","","","","",""
"Commerce","","TRUE","FALSE","","FALSE","TRUE","TRUE","","TRUE","TRUE","","  237 ","","1246-ET","Cité Médicale Lachine","2600, rue Victoria","Lachine","","","Martine Cyr","meme clinique que Mednam qui a annulé","","Patricia Rochette 514-780-1873 p. 3007","H8S 1Z3","FALSE","","","","","","TRUE","TRUE","FALSE","FALSE","patricia.rochette@cliniquemednam.com","","","FALSE","FALSE","FALSE","","","","FALSE","","","","","","","","","","","",""
"Édifice","","TRUE","FALSE","","FALSE","TRUE","TRUE","","FALSE","FALSE","","  125 ","","0749-ET","ACT (Fermé de 12h à 13h30)8 :30 et 17 :00","1950  Maurice Gauvin","Laval","","","Isabelle Taillon 450-687-7373 #305","","","","H7S 2M5","FALSE","","1","1","","","TRUE","FALSE","FALSE","FALSE","ITaillon@actactuaires.com","","","FALSE","FALSE","TRUE","","","","FALSE","","","","","","","","","","","",""
"Condo","","TRUE","FALSE","","FALSE","TRUE","TRUE","","TRUE","TRUE","","  410 ","","0841-ET","M9 Prince (solution Condo)","80, rue Prince","Montréal","","","Andrez  (514) 519-3794","changer de gestionnaire","manque tapis ascenseur","","H3C 2M8","FALSE","","2","1","","","TRUE","FALSE","FALSE","FALSE","jennifer.allen@solutioncondo.com","","","FALSE","FALSE","TRUE","","","","FALSE","","","","","","","","","","","",""
"","","TRUE","FALSE","","FALSE","TRUE","TRUE","","FALSE","FALSE","","  1 798 ","","1067-ET","Résidence Ora","1580, rue Jacques-Casault","Montréal","","","","","","","H2M 2N9","","","","","","","FALSE","FALSE","FALSE","FALSE","cse@residenceora.com","","","","","TRUE","","","","","","","","","","","","","","","",""
"Résidences","","TRUE","FALSE","","FALSE","TRUE","TRUE","","TRUE","TRUE","","  2 045 ","","0894-ET","Jardins Millen","10800, ave Millen","Montréal","7 mai","7h30-9h30","M. Maher chef de service entretien au (514)929-0145","","Concierge me demande 5 roulettes de tape , guylaine est d'accord ajouter sur le drive","","H2C 0A3","FALSE","","2","3","","","TRUE","FALSE","FALSE","FALSE","dg@lesjardinsmillen.com","","","FALSE","FALSE","TRUE","","","","FALSE","","","","","","","","","","","",""
"Condo","","TRUE","FALSE","","FALSE","TRUE","TRUE","","TRUE","TRUE","","  2 775 ","","1236-ET","SDC Children Est/West","","Montréal","23 mai","12h30-17","Bruno (438) 874-9186, présent de 7h30 à 15h30 du lundi au vendredi.","Changer de gestoinnaire","1 ascenceur pas installer Défectueux  , laisser une place au gestionnaire Bruno  -  *** manque 3 tapis ascenceur /**** backing des tapis est fini le tape il colle pas bien **  NE PAS LIVRER LES TAPIS, LE CLIENT NE PAYE PAS LUI AIE FAIT PART QU'IL DOIT ACQUITTÉ LA FACTURE AVANT FIN SEPTEMBRE Malheureusement, les factures restent en attente d'approbation. Nous travaillons sur le paiement de ces dernières dans les plus brefs délais, cependant Malheureusement cela ne sera pas avant la première semaine d'octobre.","Ascenseur 2 hors d'usage, pas accès au tapis","H3H 1P3","FALSE","","","","","","TRUE","FALSE","FALSE","FALSE","francis.borris@solutioncondo.com","","","FALSE","FALSE","FALSE","","","","FALSE","","","","","","","","","","","",""
"Condo","","TRUE","FALSE","","FALSE","TRUE","TRUE","","TRUE","TRUE","","  997 ","","1249-ET","Le W phase V","1228, rue Basssin","Montréal","12 avril","11-12h","Concierge Géraldo 438-345-0249","Changer de gestionnaire","Pas pu installer petit tapis devant la porte, l'arrêt de porte est pris sous la porte et n'ouvre pas. Pas été capables de le décoincer","Karla (438) 507-9991  boîte à clé : (intercom) 1165","H3J 1S1","FALSE","","","10","","","TRUE","FALSE","FALSE","FALSE","pcebuc@immoplex.com","","","FALSE","FALSE","TRUE","","manque tapis 3 et 5","","FALSE","","","","","","","","","","","",""
"","","TRUE","FALSE","","FALSE","TRUE","TRUE","","TRUE","TRUE","","  2 939 ","","1237-ET","SDC Children Est/West","2300 rue Tupper","Montréal","23 mai","7h30-12h","Francis Borris 514-935-6999 x241","Changer de gestionnaire","*** manque 1 tapis ascenceur ***  NE PAS LIVRER LES TAPIS, LE CLIENT NE PAYE PAS LUI AIE FAIT PART QU'IL DOIT ACQUITTÉ LA FACTURE AVANT FIN SEPTEMBRE Malheureusement, les factures restent en attente d'approbation. Nous travaillons sur le paiement de ces dernières dans les plus brefs délais, cependant Malheureusement cela ne sera pas avant la première semaine d'octobre.","","H3H 1P3","FALSE","","","","","","TRUE","FALSE","FALSE","FALSE","francis.borris@solutioncondo.com","","","FALSE","FALSE","FALSE","","","","FALSE","","","","","","","","","","","",""
"Condo","","TRUE","FALSE","","FALSE","TRUE","FALSE","","TRUE","TRUE","","  2 349 ","","","Novia phase 1 et phase 2","300 Place Charles Lemoyne","","25 avr.","11h30-15h","Contact sur place svp","","","","","FALSE","FALSE","","","FALSE","FALSE","TRUE","FALSE","FALSE","FALSE","","","","","","","","","","","","","","","","","","","","","",""
" ","","","","","","","","","","","","","","","","","","","","","","","","","","","","","","","","","","","","","","","","","","","","","","","","","","","","","","","",""