"  ","FAC/DEVIS _ ASP_Réinstallation  ","Réinstallation ","FAC/DEVIS _ ASP_retrait ","Rebut ","Retrait ","FAC/DEVIS _ ASP_nett+entreposage ","entreposage ","Nettoyer entrepôt "," Moulures  "," PC  "," Carreaux  "," # Projet "," Noms "," Adresse ","Ville ","BLEU : JOUR   GRIS : SOIR        DATE Réinstallation ","Heures ","Contact sur place ","Commentaires - Printemps 2025 ","Commentaires - Automne 2024 ","Commentaires - printemps 2024 ","Commentaires - Automne 2023 ","Commentaires - Printemps 2023 ","Code Postal ","Pickup fait ","pickup/ref ","Nbr gars ","H/ins  ","moulure  "," Moulure à changer  ","Courriel envoyé ","Confirmation ","Confirmation des dates de RDV ","Courriel ","","Commentaires - Automne  2024 ","Détail des tapis ","Fact # ","Nettoyer ","Payer  ","Sola Facture  ","Ajustement à faire ","Date prévue ","Fait ","","","","","","","","","","","",""
"Édifice","","FALSE","3129","TRUE","TRUE","","FALSE","FALSE","","  4 425 ","","1183-ET","Gare Windsor","1100 av Des canadiens ","Montreal ","avr. 13","12h-22h","SERVICE D'ENTRETIEN POUR LES ÉTAGES","ENLÈVEMENT ET DISPOSITION DU TAPIS RDC SEULEMENT (installation neuve à l'automne)","","","bureaux du 3ieme et 4ieme  de la gare Windsor nous n'avons pas pu les installer,  aucun agent de sécurité disponible pour nous   Manque ascenseur #4. Petit très usé  - Devant les portes du lobby du 1160 Avenue-des-canadiens-de-Montréal / les poches d'air empêchent les portes d'ouvrir et accroche, ce qui fait que le tapis ne va pas durer longtemps / dans la cabine d'ascenseur no.6, le tapis n'a pas été installé - 900 peel manque tapis #2 / Complété sauf intérieur bureau 910 peel 3ieme et 4ieme étage,  pas de gardien disponible.  ","(4510pc réinstallation) CRÉDIT NC-10 - 85pc de moins niveau 1 jamais installé  910 peel ASCENSEUR 6 Hors d'usage,  pas pu retirer le tapis","","FALSE","","2","6","","","FALSE","FALSE","TRUE","elliott.parsons@cadillacfairview.com","","13 nov : 900 Peel, pointe du tapis décollé / 910 Peel, pointe de tapis décollé et tapis mal installé et trop long / 1100 av. des Canadiens, ascenseurs 2,3 n'ont pas de tapis. / 1160 av. des Canadiens, tapis mal installé et trop long et il manque un tapis. / Les ascenseurs 5,6,7 manquent les tapis. / niveau 3 suite 300 manque le tapis. / Niveau 4 suite 400 manque le tapis. / Niveau 4 suite 450 manque le tapis. / Niveau 5 manque le tapis. / Niveau 9 suite 900 manque le tapis.  -- ascenseur #8 1100 des canadiens hors d'usage, pas installé. Tapis #8 1160 des Canadiens","","","FALSE","FALSE","FALSE","","","FALSE","","","","","","","","","","","",""
"Résidences","","TRUE","3132","FALSE","TRUE","","FALSE","FALSE","","  2 446 ","","0690-ET","Lilo","105, boul. Don Quichotte","Île Perrot","avr. 18","7h45-10h45","","ENLÈVEMENT ET DISPOSITION DU TAPIS (installation neuve à l'automne)","","","manque les 3 tapis d’ascenseurs.","","J7V 6X2","FALSE","","3","3","","","TRUE","FALSE","TRUE","cse@residencelilo.com","","","","","FALSE","FALSE","TRUE","","","FALSE","","","","","","","","","","","",""
"Édifice","","TRUE","3138","FALSE","TRUE","","FALSE","FALSE","200","  5 654 ","","1309-ET","upa longeuil ","555, boul. Rolan-Therrien","Longueuil","avr. 29","17h30-22h","","","","","","","","FALSE","FALSE","","","FALSE","FALSE","TRUE","FALSE","TRUE","hcharbonneau@upa.qc.ca","","","","","FALSE","FALSE","TRUE","","","FALSE","","","","","","","","","","","",""
"Édifice","","TRUE","3164","FALSE","TRUE","","FALSE","FALSE","50","  640 ","","1227-ET","Édifice SunLife  21e étage","1155, rue Metcalfe","Montréal","avr. 25","13h-16h30","","","","","Correction d’installation de tapis dans le lobby au 21e étage – le tapis de gauche semble avoir été mis à l’envers de 180 degrés – les deux sections ne sont pas de la même couleur cette année","","","FALSE","","","4","","","TRUE","FALSE","TRUE","Lucie.Richard@bentallgreenoak.com","","","","","FALSE","FALSE","FALSE","","","FALSE","","","","","","","","","","","",""
"Édifice","","TRUE","3164","FALSE","TRUE","","FALSE","FALSE","","  2 140 ","","1227-ET","Édifice SunLife 7e,  8e, 9e, 23,","1155, rue Metcalfe","Montréal","avr. 25","13h-16h30","","","","","Correction d’installation de tapis dans le lobby au 21e étage – le tapis de gauche semble avoir été mis à l’envers de 180 degrés – les deux sections ne sont pas de la même couleur cette année","","","FALSE","","","4","","","TRUE","FALSE","TRUE","Lucie.Richard@bentallgreenoak.com","","","","","FALSE","FALSE","FALSE","","","FALSE","","","","","","","","","","","",""
"Édifice","","TRUE","3122","FALSE","TRUE","3186","TRUE","TRUE","950","","5393","1307-ET","1001 Robert-Bourrassa","700, rue de la Gauchetière","",""," 10h-18h","","Pas pu retirer tapis ascenseurs A,H,G,F,M,N,P,J hors d'usage car ils changent les panneaux de contrôle à l'intérieur.","","","","","","FALSE","FALSE","","","FALSE","FALSE","TRUE","TRUE","FALSE","jcampbell@alliedreit.com","","reste 3 corridors des ascenseurs Guylaine doit commander des tapis","","","FALSE","FALSE","FALSE","","","FALSE","","","","","","","","","","","",""
"Bureau","","TRUE","3122","FALSE","TRUE","3186","TRUE","TRUE","","  360 ","638","1321-ET","Gestion Sandanna","1, Westmount Square, bureau 2000","Montréal","avr. 2","6h-8h","","ENTRE 6H00 ET 7H00 LE MATIN (confirmé pour le 2 avril)","","à partir de 6h00 am","","","","FALSE","","2","2","","","TRUE","TRUE","FALSE","nbecot@peloquinkattan.com","","","","","FALSE","FALSE","FALSE","","","FALSE","","","","","","","","","","","",""
"Édifice","","TRUE","3122","FALSE","TRUE","3186","TRUE","TRUE","","  3 203 ","","1201-ET","Usine Atwater","999, rue Dupuis","Verdun","3 avril","7h-14h30","","Remplir le formulaire demande d'autorisation d'accès du Site - OBLIGATOIRE","","","Manque tapis porte 28 #1 (long tapis de vinyle 50 pieds )","À FAIRE ENTRE LE 17 ET 28 AVRIL","H4G 3L4","FALSE","","2","4","","","TRUE","TRUE","FALSE","jean-marc.ouellet@montreal.ca","","","","","FALSE","FALSE","FALSE","","","FALSE","","","","","","","","","","","",""
"Édifice","","TRUE","3122","FALSE","TRUE","3186","TRUE","TRUE","","  891 ","","1181-ET","Ville de Montréal","3705, rue Saint-Patrick","Montréal","3 avril","15h-17h","","Remplir le formulaire demande d'autorisation d'accès du Site - OBLIGATOIRE","","","","À FAIRE ENTRE LE 17 ET 28 AVRIL","H4E 1A1","FALSE","","2","2","","","TRUE","TRUE","FALSE","jean-marc.ouellet@montreal.ca; marc-andre.lecuyer@montreal.ca","","","","","FALSE","FALSE","FALSE","","","FALSE","","","","","","","","","","","",""
"Édifice","","TRUE","3122","FALSE","TRUE","3186","TRUE","TRUE","","1246","","1317-ET","Allied - 700 rue St-Hubert","700 rue St-Hubert","Montréal","avr. 4","12h-13h","","","","","","","","FALSE","FALSE","","","FALSE","FALSE","TRUE","TRUE","FALSE","dbai@alliedreit.com","","pas pu installer le 2ieme étage (pas de contact, pas d'accès sans puce ni par les escaliers) Tapis à l'entrepôt.","","","FALSE","FALSE","FALSE","","","FALSE","","","","","","","","","","","",""
"Édifice","","TRUE","3122","FALSE","TRUE","3186","TRUE","TRUE","16","  895 ","","1243-ET","Allied Properties","755, rue Berri","Montréal","avr. 4","13h-14h","","il faut rajouter le 268pc à l’adresse du 755 Berri  (nouvelle quantité 895pc)","","","","","H2Y 3Y7","FALSE","","","5","","","TRUE","TRUE","FALSE","dbai@alliedreit.com","","","","","FALSE","FALSE","FALSE","","","FALSE","","","","","","","","","","","",""
"Édifice","","TRUE","3122","FALSE","TRUE","3186","TRUE","TRUE","115","2077","","1316-ET","Novartis ","700 rue St-Hubert, Montréal","","avr. 4","14h-16h","","","","","","","","FALSE","FALSE","","","FALSE","FALSE","TRUE","TRUE","FALSE","michel.guerin@novartis.com","","manquait tapis #9 et #11 (sur les feuilles mais pas dans rouleaux , à trouver dans l'entrepôt) donc tapis #10 pas installé car entre les deux, #10 entreposé sur place selon directive du client, voir photo","","","FALSE","FALSE","FALSE","","","FALSE","","","","","","","","","","","",""
"Édifice","","TRUE","3122","FALSE","TRUE","3186","TRUE","TRUE","35","4469","","1313-ET","Le Nordelec","1751, rue Richardson","","avr. 4","16h-22h","","***NE PAS ENLEVER LES TAPIS D'ASCENSEURS A-B ET F-G","","TOUTES LES TAPIS D'HIVER SUR PLACE","","","","FALSE","FALSE","","","FALSE","FALSE","TRUE","TRUE","FALSE","dmartos@alliedreit.com","","pas pu vérifier ascenseur D car hors service","","","FALSE","FALSE","TRUE","","","FALSE","","","","","","","","","","","",""
"Édifice","","TRUE","3122","FALSE","TRUE","3186","TRUE","TRUE","350","","5877","1308-ET","Manuvie","900 de Maisonneuve O","Montréal",""," 10h-18h","","Il a planifié l'entretien ménager ","","","","","","FALSE","FALSE","","","FALSE","FALSE","TRUE","TRUE","FALSE","sylvain.cote@jll.com","","J’ai utiliser 5pied de moulure après la première réparation je me suis servie du morceau que j’ai couper pour réparer les autre et il manquait une moulure devans l’asc h que j’ai rajouterJan : ****Manque ascenseur E . Selon Alex tapis pas à l'entrepôt . Est-ce que lorsque l'installation initial l'ascenseur était hors d'usage donc jamais été installé à neuf ? ****J’ai utiliser 5pied de moulure après la première réparation je me suis servie du morceau que j’ai couper pour réparer les autre et il manquait une moulure devans l’asc h que j’ai rajouter","","","FALSE","FALSE","FALSE","","","FALSE","","","","","","","","","","","",""
"Condo","","TRUE","3129","FALSE","TRUE","3186","TRUE","TRUE","96","  642 ","","1185-ET","Bella Vista Phase II","3655, rue Jean Gascon","Saint-Laurent","avr. 7","13h-14h","","1ere semaine d'avril au 12 avril ","","","","","H4R 0K6","FALSE","","1","2","","","TRUE","TRUE","FALSE","jp@bv3655.ca","","","","","FALSE","FALSE","FALSE","","","FALSE","","","","","","","","","","","",""
"","","TRUE","3129","FALSE","TRUE","3186","TRUE","TRUE","92","  558 ","","1186-ET","Bella Vista Phase I","3625, rue Jean-Gascon","Saint-Laurent","avr. 7","14h-15h","","1ere semaine d'avril au 12 avril ","","Commencer par le 3625","","","H4R 0K6","FALSE","","1","1","","","TRUE","TRUE","FALSE","bellavista3625@in.upperbee.com","","Les moulures du sous-sol n’ont pas pu être installé les moulures étaient vieilles","","","FALSE","FALSE","FALSE","","","FALSE","","","","","","","","","","","",""
"Édifice","","TRUE","3129","FALSE","TRUE","3186","TRUE","TRUE","36","  3 418 ","","1274-ET","Allied - 1010 Sherbrooke Est","1010 Sherbrooke Est","Montréal","avr. 7","18h-22h","","","","","Pas pu installer ascenseur 9 hors d'usage","","H3A 2R7","","","","","","","TRUE","TRUE","FALSE","mcordeil@alliedreit.com","","","","","FALSE","FALSE","FALSE","","","FALSE","","","","","","","","","","","",""
"Édifice","","TRUE","3129","FALSE","TRUE","3186","TRUE","TRUE","459","  4 103 ","","1180-ET","Allied - Viger","425, Viger Ouest","Montréal","avr. 9","18h-1h am ","","ajout laize centrale +918Pc ","","","Client veut soumission pour 6 tapis d'ascenseur et logo","","H2Y 3Y7","FALSE","","2","5","","","TRUE","TRUE","FALSE","jcampbell@alliedreit.com","","","","","FALSE","FALSE","FALSE","","","FALSE","","","","","","","","","","","",""
"","","TRUE","3129","FALSE","TRUE","3186","TRUE","TRUE","","  295 ","","1270-ET","Héma-Québec","7, boul. des Promenades","St-Bruno","avr. 10","7h30-8h30","","","","NE PAS JETER LES TAPIS, ILS SONT NEUFS","","","J3V 5J5","","","","","","","TRUE","TRUE","FALSE","JeanGauthier.Kouadjo@hema-quebec.qc.ca",""," Les tapis de l'aile gauche pas installés cause rénovation ainsi que les ascenseur 1 et 2 - Nous avons laisser les tapis sur place + tape à la demande du concierge.- 5631pc pas bon feuille de pose neuf 5654+200pl moulures","","","FALSE","FALSE","TRUE","","","FALSE","","","","","","","","","","","",""
"Résidences","","TRUE","3129","FALSE","TRUE","3186","TRUE","TRUE","","  1 154 ","","1209-ET","Résidence Vast (tapis pluie?)","300, rue de Murano","Sainte-Julie","avr. 10","9h-10h","","1ere semaine d'avril","","120PC tapis pluie logo - Inclus dans le service depuis +sieurs années svp penser à facturer pour les années suivantes","","A FAIRE LE PLUS RAPIDEMENT POSSIBLE","J3E 0C6","FALSE","","2","2","","","TRUE","TRUE","FALSE","cse@residencevast.com","","","","","FALSE","FALSE","FALSE","","","FALSE","","","","","","","","","","","",""
"Résidence","","TRUE","3129","FALSE","TRUE","3186","TRUE","TRUE","23","879","","1195-ET","Cloria Vallée du Richelieu","4305, chemin du Crépuscule","Beloeil","avr. 10","10h30-11h30","","","","","Bonjour, je suis la personne ressource pour Cloria Vallée du Richelieu _ Normand St-Denis, vous pouvez aussi inscrire Mr. Philippe Turcotte 514-250-5456 au philippeturcotte@cloriacite.ca ,","787+92  -  louraymond@cloriacite.ca","J3G 0R2","FALSE","","2","2","","","TRUE","TRUE","FALSE","normandstdenis@cloriacite.ca","","","","","FALSE","FALSE","FALSE","","","FALSE","","","","","","","","","","","",""
"Commerce","","TRUE","3129","FALSE","TRUE","3186","TRUE","TRUE","","  910 ","","1315-ET","CPE Pierre-Boucher","1200 du Tremblay","Longueuil","avr. 10","11h30-12h30","","","","À FAIRE, LE CLIENT A DEMANDÉ LE SERVICE À L'ACHAT DE CES TAPIS","","","","FALSE","FALSE","","","FALSE","FALSE","TRUE","TRUE","FALSE","Jacynthe.Dagenais@cpepierreboucher.com","","","","","FALSE","FALSE","FALSE","","","FALSE","","","","","","","","","","","",""
"Commerce","","TRUE","3129","FALSE","TRUE","3186","TRUE","TRUE","16","  734 ","","1315-ET","CPE Pierre-Boucher","1450 Curé-Poirier E","Longueuil","avr. 10","12h30-13h30","","","","","","","","FALSE","FALSE","","","FALSE","FALSE","TRUE","TRUE","FALSE","Jacynthe.Dagenais@cpepierreboucher.com","","","","","FALSE","FALSE","FALSE","","","FALSE","","","","","","","","","","","",""
"","","TRUE","3129","FALSE","TRUE","3186","TRUE","TRUE","","  341 ","","1287-ET","Édifice à bureaux (Expos)","2265, Fernand-Lafontaine","Longueuil","avr. 10","13h30-14h30","","","","","","","J4G 2R8","","","","","","","TRUE","TRUE","FALSE","gcote@prio.ca","","","","","FALSE","FALSE","FALSE","","","FALSE","","","","","","","","","","","",""
"Commerce","","TRUE","3129","FALSE","TRUE","3186","TRUE","TRUE","12","  754 ","","1315-ET","CPE Pierre-Boucher","2070 rue Marie-Victorin","Longueuil","avr. 10","16h30-17h30","","","","","","","","FALSE","FALSE","","","FALSE","FALSE","TRUE","TRUE","FALSE","Jacynthe.Dagenais@cpepierreboucher.com","","***2070 boulevard Marie victorin Longueuil pas fait car à l'agenda c'était 2070 rue Marie Victorien , Saint Bruno de Montar ville.. Je me suis rendu pour rien****","","","FALSE","FALSE","FALSE","","","FALSE","","","","","","","","","","","",""
"Résidences","","TRUE","3129","FALSE","TRUE","3186","TRUE","TRUE","39","  1 035 ","","0970-ET","Les Jardins Windsor PH4","651, rue de la Montagne","Montréal","avr. 10","14h-15h","","","","","","","H3C 0G2","FALSE","","2","2","","","TRUE","TRUE","FALSE","gestionmtl4@gestactif.com; guy.gervais@gmail.com","","","","","FALSE","FALSE","FALSE","","","FALSE","","","","","","","","","","","",""
"","","TRUE","3129","FALSE","TRUE","3186","TRUE","TRUE","50","852 ","","1346-ET","Le Gastby","1200 rue Drummond","Montréal","avr. 10","15h30-16h30","","","","","","","","","","","","","","TRUE","TRUE","FALSE","catherine.goulet@solutioncondo.com","","","","","","","","","","","","","","","","","","","","","",""
"Résidences","","TRUE","3129","FALSE","TRUE","3186","TRUE","TRUE","50","  760 ","","1314-ET","Cloria cité","3475, Montée Gagnon","Terrebonne","avr. 11","9h-10h","","","","AJOUT POUR LE SERVICE D'ENTRETIEN ","","","","","FALSE","","","","","TRUE","TRUE","TRUE","nancycanuel@cloriacite.ca","","","","","FALSE","FALSE","FALSE","","","FALSE","","","","","","","","","","","",""
"Édifice médical","","TRUE","3129","FALSE","TRUE","3186","TRUE","TRUE","78","  760 ","","1327-ET","CCRL Laurentides","325 Rue du Docteur-Charles-Léonard, ","St-Jérôme","avr. 11","10h30-11h30","","Marie-Gabrielle Beaudry : 514-293-9923 : Stationnement payant sur place","","","","","","FALSE","","2","2","","","TRUE","FALSE","TRUE","mgbeaudry@ccrlaurentides.com;mcroizer@ccrlaurentides.com","","manque un tapis à installer au deuxième étage","","","FALSE","FALSE","FALSE","","","FALSE","","","","","","","","","","","",""
"Résidences","","TRUE","3129","FALSE","TRUE","3186","TRUE","TRUE","165","  1 246 ","","1310-ET","Résidence du marché","25, rue du Marché","Ste-Thérèse","avr. 11","12h-14h","","contacter Louis Philippe ou Yvon : 450-433-6544","","","","","J7E 5T2","FALSE","","2","3","","","TRUE","FALSE","TRUE","cse@lesresidencesdumarche.com","","1080pc pas bon - neuf feuille de po 1246 pc","","","FALSE","FALSE","FALSE","","","FALSE","","","","","","","","","","","",""
"","","TRUE","3129","FALSE","TRUE","3186","TRUE","TRUE","0","1 080 ","","1341-ET","CSSL (Horizon-Jeunesse)","155 boulevard St-Rose, Laval","Laval","avr. 11","14h30-15h30","","Entrée 10,11, 12 et tapis devant les casiers seulement ","","","","","","","","","","","","TRUE","TRUE","TRUE","jfcloutier@csslaval.gouv.qc.ca","","","","","","","TRUE","","","","","","","","","","","","","","",""
"Édifice médical","","TRUE","3129","FALSE","TRUE","3186","TRUE","TRUE","13","  1 030 ","","1001-ET","Édifice E","3310, 100e Avenue","Laval","avr. 11","16h-17h","","M. Serge Boyer. Vous pouvez le rejoindre au (514) 793-2540.","","","","","H7T 0J7","FALSE","","2","2","","","TRUE","FALSE","TRUE","dbourgault@e-propri-gestion.com","","","","","FALSE","FALSE","FALSE","","","FALSE","","","","","","","","","","","",""
"Édifice","","TRUE","3129","FALSE","TRUE","3186","TRUE","TRUE","21","1030","","1320-ET","WADA","800 du Square Victoria, 16e et 17e étages","Montréal","11 avr.","15h30-17h","","","","C'est confirmer avec le client par téléphone","","","","FALSE","FALSE","","","FALSE","FALSE","TRUE","FALSE","TRUE","mariela.rolon@wada-ama.org / corposvcs@wada-ama.org","","plancher blanc a faire plus tôt dans la saison","","","FALSE","FALSE","FALSE","","","FALSE","","","","","","","","","","","",""
"Édifice","","TRUE","3129","FALSE","TRUE","3186","TRUE","TRUE","","1036","","1304-ET","Clinique Quatuor MD - 27e étage","800 rue du Square Victoria","Montréal","11 avr.","14h-1530","","Furna à la réception","","","","","","FALSE","FALSE","","","FALSE","FALSE","TRUE","FALSE","TRUE","thomasg@quatuormd.com","","","","","FALSE","FALSE","FALSE","","","FALSE","","","","","","","","","","","",""
"","","","","","","","","","","  47 666 ","","","1/4","","","","","","","","","","","","FALSE","FALSE","","","FALSE","FALSE","FALSE","FALSE","FALSE","","","","","","FALSE","FALSE","FALSE","","","FALSE","","","","","","","","","","","",""
"Édifice","","TRUE","3129","FALSE","TRUE","3192","TRUE","TRUE","330","  13 745 ","1192","1312-ET","Place Victoria (tapis d'hiver)","800, rue du Square Victoria","Montré","","17h-23 12h-22h","","","","","","","","FALSE","FALSE","","","FALSE","FALSE","TRUE","TRUE","TRUE","jtousignant@groupepetra.com","","","","","FALSE","FALSE","FALSE","","","FALSE","","","","","","","","","","","",""
"Édifice","","TRUE","3129","FALSE","TRUE","3192","TRUE","TRUE","","  9 088 ","","1182-ET","Tour Deloitte","1115 St-Antoine ","Montréal ","avr. 13","12h-22h","","","","","***Reste à installer tapis #51, 52 et 53 qui doivent être coupés par Dominic dû au nouveau kiosque de restauration. Et reste insertion #84 à installer ****","","","FALSE","","4","8","","","TRUE","FALSE","TRUE","elliott.parsons@cadillacfairview.com","","","","","FALSE","FALSE","FALSE","","","FALSE","","","","","","","","","","","",""
"Édifice","","TRUE","3132","FALSE","TRUE","3192","FALSE","FALSE","","  890 ","","1312-ET","Place Victoria (tapis de pluie_ installation)","800, rue du Square Victoria","Montréal","avr. 14","17h-23 12h-22h","","Personne sur place : Agents de sécurité (Sinon : Jennifer au 514-966-7588)
Stationnement : il y a un stationnement intérieur payant pour les voitures des travailleurs. Sinon, une place est réservée au quai de marchandises pour le camion pour samedi (svp préciser les heures) Hauteur maximale quai 11 pi 4 po.","","","","","","FALSE","FALSE","","","FALSE","FALSE","TRUE","TRUE","TRUE","","","","","","FALSE","FALSE","FALSE","","","FALSE","","","","","","","","","","","",""
"Édifice","","TRUE","3132","FALSE","TRUE","3192","TRUE","TRUE","6","  765 ","","1311-ET","Caserne place d'Youville","335 Place d'Youville","Montréal","avr. 14","17h-18h","","","","OUI - Peux-tu le faire en même temps que le musée ?","","","","FALSE","FALSE","","","FALSE","FALSE","TRUE","TRUE","TRUE","Sandra.Lopez@gdi.com; Francisco.Meneses@gdi.com","","","","","FALSE","FALSE","FALSE","","","FALSE","","","","","","","","","","","",""
"Commerce","","TRUE","3132","FALSE","TRUE","3192","TRUE","TRUE","30","  1 235 ","","1319-ET","Club MAA","2070, rue Peel","Montréal","avr. 16","8h-10h","","Si possible, semaine du 7 avril entre 8h et 11h","","AJOUT POUR LE SERVICE D'ENTRETIEN(si possible sermaine du 15 avril)","","","","","","","","","","TRUE","FALSE","TRUE","dabreu@clubsportifmaa.com;pblanchet@clubsportifmaa.com","","À FAIRE ENTRE 8h00 et 10h30","","","FALSE","FALSE","TRUE","","","FALSE","","","","","","","","","","","",""
"Bureau","","TRUE","3132","FALSE","TRUE","3192","TRUE","TRUE","30","  234 ","","1331-ET","LDC Logistics","1002, rue Sherbrooke O., Suite 2000","Montréal","avr. 16","10h30-11h30","","","","A FAIRE","","","","FALSE","","2","2","","","TRUE","FALSE","TRUE","okovalska@MetroSCG.com","","","","","","","TRUE","","","","","","","","","","","","","","",""
"Édifice","","TRUE","3132","FALSE","TRUE","3192","TRUE","TRUE","8","360 ","","1343-ET","Edifice 1555 de l'Avenir","1555, boul. de l'Avenir, Laval","Laval","avr. 17","7h-11h","","Cathy: 450-436-8985","","","","","","","","","","","","TRUE","FALSE","TRUE","cathyboucher@groupechameleon.ca","","","","","","","TRUE","","","","","","","","","","","","","","",""
"Édifice","","TRUE","3132","FALSE","TRUE","3192","TRUE","TRUE","8","498 ","","1344-ET","Edifice 1565 de l'Avenir","1565, boul. de l'Avenir, Laval","Laval","avr. 17","7h-11h","","","","","","","","","","","","","","TRUE","FALSE","TRUE","cathyboucher@groupechameleon.ca","","","","","","","TRUE","","","","","","","","","","","","","","",""
"Édifice","","TRUE","3132","FALSE","TRUE","3192","TRUE","TRUE","20","924 ","","1345-ET","Edifice 1575 de l'Avenir","1575, boul. de l'Avenir, Laval","Laval","avr. 17","7h-11h","","","","","","","","","","","","","","TRUE","FALSE","TRUE","cathyboucher@groupechameleon.ca","","","","","","","","","","","","","","","","","","","","","",""
"Édifice médical","","TRUE","3132","FALSE","TRUE","3192","TRUE","TRUE","43","  265 ","","0786-ET","Clinique Uniderma","1575, boul. de l'Avenir","Laval","avr. 17","7h-11h","","450 629-3375 sera sur place à partir de 7h","","***COMMENCER PAR LA CLINIQUE EN PREMIER LE 7 MAI***","","","H7S 2N5","FALSE","","1","1","","","TRUE","TRUE","TRUE","drejodoin@uniderma.ca","","","","","FALSE","FALSE","TRUE","","","FALSE","","","","","","","","","","","",""
"Édifice médical","","TRUE","3132","FALSE","TRUE","3192","TRUE","TRUE","","  530 ","","0981-ET","Traditours","1575, de l'Avenir","Laval","avr. 17","7h-11h","","","","","","","H7S 2N5","FALSE","","1","1","","","TRUE","FALSE","TRUE","info@traditours.com","","","","","FALSE","FALSE","TRUE","","","FALSE","","","","","","","","","","","",""
"Commerce","","TRUE","3132","FALSE","TRUE","3192","TRUE","TRUE","","  156 ","","1230-ET","Bédard Ressources #310","1575, boul. de l'Avenir","Laval","avr. 17","7h-11h","","Stationnement Oui : Christiane (514) 261-1067","","","","Melissa Célissaint 514-212-2230 #360","H7S 2N5","FALSE","","","4","","","TRUE","FALSE","TRUE","christiane@bedardressources.com","","","","","FALSE","FALSE","TRUE","","","FALSE","","","","","","","","","","","",""
"Édifice médical","","TRUE","3132","FALSE","TRUE","3192","TRUE","TRUE","24","  262 ","","1322-ET","Ortho-Laval - Dr. Jean-Marc Dumoulin","1575 boul. de l'Avenir, 3e étage","Laval","avr. 17","7h-11h","","","","","","","","FALSE","FALSE","","","FALSE","FALSE","TRUE","FALSE","TRUE","clinique@ortholaval.com","","","","","FALSE","FALSE","TRUE","","","FALSE","","","","","","","","","","","",""
"","","TRUE","3132","FALSE","TRUE","3192","TRUE","TRUE","44","  446 ","","1288-ET","CHSLD Val des Brises","3155, boul. Michel-Ange","Laval","avr. 17","11h30-12h30","","","","","","","H7E 0J1","","","","","","","TRUE","FALSE","TRUE","mclavoie@alcovicapital.com","","","","","FALSE","FALSE","TRUE","","","FALSE","","","","","","","","","","","",""
"","","TRUE","3132","FALSE","TRUE","3192","TRUE","TRUE","","  1 014 ","","1279-ET","Académie Lavalloise","5290, boul. des Laurentides","Laval","avr. 17","13h-14h","","La personne responsable sera Mme Patrizia à la réception.","","","J'ai dû couper des tapis car les portes ne fermaient plus et aux extrémités car les tapis ont rallongés","","H7K 2J8","","","","","","","TRUE","FALSE","TRUE","anthony.lacopo@academielavalloise.com","","","","","FALSE","FALSE","TRUE","","","FALSE","","","","","","","","","","","",""
"Édifice","","TRUE","3132","FALSE","TRUE","3192","TRUE","TRUE","","  570 ","","1330-ET","Académie de Danse de Montréal","8265 Boul. Langelier","St-Léonard","","14h30-15h30","","Melanie Hattem will be on location,Yes there is parking ","","","","","","FALSE","FALSE","","","FALSE","FALSE","TRUE","FALSE","TRUE","jeffdichter1@gmail.com","","**manque tapis #2 et #6 (était sur feuille mais pas dans rouleau. Voir photos. Tapis #5 trop court (devrait avoir deuxième morceaux mais pas sur plan . Manque environ 7 pieds. Tapis 2A j'ai laissé à l'entrepôt car mini tapis besoin du #2 pour installer ***  IL FAUT APPELER LE CLIENT AVANT DE PASSER PARCE QUE L'HORAIRE N'EST PAS FIXE.","","","FALSE","FALSE","TRUE","","","FALSE","","","","","","","","","","","",""
"Édifice","","TRUE","3132","TRUE","TRUE","3192","TRUE","TRUE","","  1 004 ","","1213-ET","Centre d'intégration Scolaire","8844, rue Notre-Dame Est","Montréal","","16h-17h","","Personne responsable sur place ou code d'accès : Sylvain Langlois 514-961-2176
Avons-nous accès à un stationnement oui","","","","","H1L 3M4","FALSE","","2","2","","","TRUE","FALSE","TRUE","ychouinard@cisi.qc.ca","","pas fait car personne sur place","","","FALSE","FALSE","TRUE","","","FALSE","","","","","","","","","","","",""
"Bureau","","TRUE","3132","FALSE","TRUE","3192","TRUE","TRUE","300","4 565 ","","10771-F","Édifice Le Windsor (RDC + SS)","1170, rue Peel","Montréal","avr. 17","18h-2ham ","","SVP communiquer avec la sécurité au 514-917-5139 à votre arrivéeDeux cases du stationnement intérieur seront mises à disposition pour la récupération des tapis.
Hauteur MAXIMALE 6’9’’","","","","","","","","","","","","TRUE","FALSE","TRUE","roxanne.szabo@bgo.com","","","","","","","TRUE","","","","","","","","","","","","","","",""
"","","FALSE","","FALSE","FALSE","","FALSE","FALSE","","  1 625 ","","10771-F","Édifice Le Windsor (étages)","1170, rue Peel","Montréal","","","","","","","","","","FALSE","","","","","","FALSE","FALSE","FALSE","","","","","","FALSE","FALSE","FALSE","","","FALSE","","","","","","","","","","","",""
"Édifice","","TRUE","3132","FALSE","TRUE","3192","TRUE","TRUE","","  669 ","","1245-ET","Héma-Québec","16 993 Transcanadienne ","Kirkland","avr. 18","14h-15h","","","","","","","H4R 2W7","FALSE","","","7","","","TRUE","FALSE","TRUE","JeanGauthier.Kouadjo@hema-quebec.qc.ca","","","","","FALSE","FALSE","FALSE","","","FALSE","","","","","","","","","","","",""
"Condo","","TRUE","3132","FALSE","TRUE","3192","TRUE","TRUE","50","1 403 ","","1356-ET","Maestria Tour A","1245, rue Bleury, Montréal","Montréal","avr. 19","14h30-16h30","","","","","","","","","","","","","","TRUE","FALSE","TRUE","antoine.portelance@solutioncondo.com","","","","","","","TRUE","","","","","","","","","","","","","","",""
"Édifice","","TRUE","3136","FALSE","TRUE","3192","TRUE","TRUE","250","  1 436 ","","0743-ET","Collège Stanislas","780, ave Dollard","Outremont","","10h-13h","","CONGÉS DU 21 AU 28 AVRIL - Le tapis de l'entrée McEachcran sera jeté par le collège Personne responsable : Nicholas Goodman 438-520-4328
Il y a un stationnement côté parc de la rue Van Horne, au bout des bâtiments.","","Tapis de l'entrée McEachran","* manque tapis entrée MC eachran, n'est pas sur les plans, je crois que c'est une nouvelle installation..","DERNIÈRE SEMAINE D'AVRIL IL N'Y A PAS D'ÉLÈVES","H2V 3G5","FALSE","","2","4","","","TRUE","FALSE","TRUE","sylvie.marie@stanislas.qc.ca","","","","","FALSE","FALSE","FALSE","","","FALSE","","","","","","","","","","","",""
"Condo","","TRUE","3136","FALSE","TRUE","3192","TRUE","TRUE","65","  962 ","","1234-ET","SDC du Boisé de la Colline","24, rue Bates","Outremont","","13h30-14h30","","Choucri Craissati 514-236-5515: stationnement OUI","","This is not good service.","surcharge 3 h installation (comme neuf) Installation presque neuf le gars il a modifié toute l’entrée et la mezzanine (toutes les tapis j’ai les modifier avec les changements ça me pris 6.30h seul )   COUPER DES TAPIS SUITE AUX RÉNOVATIONS (DOMINIC)","Nous allons rénover notre Hall d’entrée à partir du 13 mars 2023. Est-ce que vous pouvez venir au plus tard le 10 mars pour retirer les tapis et les entreposer ?","H2V 1A8","FALSE","","","10","","","TRUE","FALSE","TRUE","conseilbdc@gmail.com","","","","","FALSE","FALSE","TRUE","","","FALSE","","","","","","","","","","","",""
"Condo","","TRUE","3136","FALSE","TRUE","3192","TRUE","TRUE","","  2 095 ","","0812-ET","LE Sanctuaire,  phase 4","6111, du Boisé","Outremont","","15h-17h","","","","","","stationnement pour les entrepreneurs/visiteurs : Aimerait à la mi-avril soit un mercredi ou un jeudi.","H3S 1P1","FALSE","","2","3","","","TRUE","FALSE","TRUE","6111duboise@hotmail.ca","","18 oct Jan : J'ai nettoyé 3 petites taches évidentes avec du liquagel..l'état du reste des tapis ""acceptables "" mise à part quelques gommes . ","","","FALSE","FALSE","TRUE","","","FALSE","","","","","","","","","","","",""
"Condo","","TRUE","3136","FALSE","TRUE","3192","TRUE","TRUE","","  1 325 ","","1061-ET","6000 Deacon","6000 ch. Deacon","Outremont","","17h-18h30","","","","","Manque moulure ascenseur x 7","","H3S 2T9","","","","","","","TRUE","FALSE","TRUE","info@6000deacon.ca","","L’ascenseur I-J-K n’a pas pu être installé à cause qu’il était hors service.","","","FALSE","FALSE","TRUE","","","FALSE","","","","","","","","","","","",""
"","","","","","","","","","","  46 066 ","","","2/4","","","","","","","","","","","","FALSE","","","","","","FALSE","FALSE","FALSE","","","","","","FALSE","FALSE","FALSE","","","FALSE","","","","","","","","","","","",""
"Édifice","","TRUE","3132","FALSE","TRUE","3235","TRUE","TRUE","","12419","","1273-ET","Complexe Guy Favreau","200, René-Levesque O","Montréal","","10h-22h","","***tapis asc2 tour west absent ainsi que les 2 ascenseurs pour stationnement ***","","","6 déc : 1er déc : 4,5 bte moulures Étages 12,11 et 9 - 5 b moulures  / 30 nov : 4.5 boîtes de moulures. Étages, 4 , 5,6 et moulures d'étage 2 et 3  /29 nov : tour Est étages 2 et 3 MANQUE MOULURES CONTOUR / 15 nov : Tour ouest 5 étages de fait / Tous les ascenseurs sont fait sauf #1 tour EST , elle est en panne, reste 4 étages à faire.  Reste tour est à faire / 5 boîtes de moulures / 13 nov : 4h – 2 per – 8 tapes RDC 1+2   ***cube ***","Pc a été changer dû au reno , le total + Aussi calculé le PC des tapis ajouté au RDC 2 Tour","H2Z 1X4","FALSE","","","","","","TRUE","FALSE","TRUE","Angela Potvin angela.potvin@bgis.com
Simon Beauregard simon.beauregard@bgis.com
Vanessa Salicco (gestionnaire) vanessa.salicco@bgis.com","","","","","FALSE","FALSE","FALSE","","","FALSE","","","","","","","","","","","",""
"Condo","","TRUE","3136","FALSE","TRUE","3235","TRUE","TRUE","15","1 023 ","","1357-ET","Le Maestria Tour B","1210, rue Jeanne-Mance, Montréal","Montréal","avr. 19","13h-14h30","","Au 1210, vous pouvez vous stationner en face s’il y a de la place ou au débarcadère à l’arrière. Juste demandé au portier de vous guider.","","","","","","","","","","","","TRUE","FALSE","TRUE","antoine.portelance@solutioncondo.com","","","","","","","TRUE","","","","","","","","","","","","","","",""
"Condo","","TRUE","3136","FALSE","TRUE","3235","TRUE","TRUE","","  183 ","","1358-ET","Copropriété 4647 Coloniale","4647 rue Coloniale","Montréal","","13h30-14h30","","Il faut sonner au numéro 204 qui vous ouvrira. (adresse de l'immeuble 4647 av coloniale, Montreal, H2t1W1)
Nous n’avons pas de stationnement, c’est dans la rue directement.","","","","","","","","","","","","TRUE","FALSE","TRUE","copro4647coloniale@gmail.com","","","","","","","TRUE","","","","","","","","","","","","","","",""
"","","TRUE","3136","FALSE","TRUE","3235","TRUE","TRUE","50","885 ","","1359-ET","CLSC Outremont","1271, rue Van Horne","Outremont","","13h30-14h30","","Catherine Durand à la réception de la clinique.
Le code des portes est  1-3-4","","","","","","","","","","","","FALSE","FALSE","TRUE","huguette.stpierre.dlm@ssss.gouv.qc.ca","","Entre 9h et 17h","","","","","","","","","","","","","","","","","","","",""
"","","TRUE","3136","FALSE","TRUE","3235","TRUE","TRUE","","604 ","","1177-ET","4396 St-Laurent","4396, boul. St-Laurent, Montréal","","","17h-18h","","","","","","","","","","","","","","FALSE","FALSE","TRUE","lbeaulieu@Alliedreit.com","","","","","","","","","","","","","","","","","","","","","",""
"Résidences","","TRUE","3136","FALSE","TRUE","3235","TRUE","TRUE","121","  1 836 ","","1324-ET","Quartier Mont Saint-Hilaire","330, Honorious-Charbonneau","St-Hilaire","avr. 26","10h-12hn","","Prendre une photo du tapis qui gondole dans le corridor qui mêne aux bureaux administratifs","","Ascenseur 3 pas enlevé travaux en cours","","","","FALSE","FALSE","","","FALSE","FALSE","TRUE","FALSE","FALSE","dg@lequartiermontsainthilaire.com","","tapis 9, 10 , 11 et asc2 installés suite aux rénovations d'automne. Asc1 pas installé car toujours pas réparé depuis septembre. Les tapis et moulures étaient entreposés sur place, les moulures n'étaient plus là (moulures brunes) . Tapis asc1 laissé sur place pour que le concierge installe lui-même (dans local à déchets au ss)","","","FALSE","FALSE","TRUE","","","FALSE","","","","","","","","","","","",""
"Condo","","TRUE","3136","FALSE","TRUE","3235","TRUE","TRUE","50","  600 ","","0969-ET","Les Pignons sur le Fleuve","8065, rue St-Laurent","Brossard","avr. 26","12h-13h","","","","","","Nos tapis d'hiver ont été enlevés aujourd'hui. Ils seront à remplacer à l'automne 2023 sauf celui de l'ascenseur qui est plus récent.    Le camion pourra se stationner devant la porte centrale le long du trottoir.","J4X 2A1","FALSE","","2","1","","","TRUE","FALSE","TRUE","administration2@immoplex.com;yvanjulien@sympatico.ca","","","","","FALSE","FALSE","TRUE","","","FALSE","","","","","","","","","","","",""
"Condo","","TRUE","3136","FALSE","TRUE","3235","TRUE","TRUE","20","  535 ","","1003-ET","Promenade du Parc","1920, rue Adoncour","Longueuil","avr. 26","13h30-14h30","","André Bissonnette 450-649-0648 ou Denise Leroux 514-795-4064","","","Il manque un tapis d’hiver du côté sud de l’immeuble","Le stationnement est disponible en face des portes principales de l’immeuble","J4N 1T4","FALSE","","2","1","","","TRUE","FALSE","TRUE","lespromenadesduparc@laucandrique.net","","","","","FALSE","FALSE","TRUE","","","FALSE","","","","","","","","","","","",""
"Édifice","","TRUE","3136","FALSE","TRUE","3235","TRUE","TRUE","","  4 300 ","","1103-ET","Agence Spaciale  Canadienne","6767. route de l'aéroport","Saint-Hubert","avr. 26","15h-22h","","","","SOUMETTRE LE NOMS DES EMPLOYÉS QUI FERONT L'ENLÈVEMENT DES TAPIS UNE SEMAINE AVANT LA DATE","","","J3Y 8Y9","FALSE","","3","5","","","TRUE","FALSE","TRUE","Benoit.Hache@asc-csa.gc.ca;mathieu.gamache@asc-csa.gc.ca","","","","","FALSE","FALSE","TRUE","","","FALSE","","","","","","","","","","","",""
"Édifice","","TRUE","3136","FALSE","TRUE","3235","TRUE","TRUE","120","11 857 ","","1347-ET","Edifice SunLife (RDC)","1155, rue Metcalfe, Montréal","Montréal","","18h-2ham","","NETTOYAGE ET ENTREPOSAGE DU RDC SEULEMENT","","","","","","","","","","","","TRUE","FALSE","TRUE","lucie.richard@bgo.com","","","","","","","","","","","","","","","","","","","","","",""
"","","TRUE","3138","FALSE","TRUE","3235","TRUE","TRUE","85","2 598 ","","1178-ET","6300 ave du Parc","6300 ave du Parc","Outremont","avr. 28","14h-17h","","Personne responsable sur place ou code d'accès  Lafleche Tougas 514-928.0577
Avons-nous accès à un stationnement  oui","","","","","","","","","","","","FALSE","FALSE","TRUE","lbeaulieu@Alliedreit.com","","","","","","","","","","","","","","","","","","","","","",""
"Édifice","","TRUE","3138","FALSE","TRUE","3235","TRUE","TRUE","","  918 ","","1175-ET","Allied - Atlantic","400, rue Atlantic","Outremont","avr. 28","17h30-18h30","","Personne responsable sur place ou code d'accès   INTERCOM :  la touche no 2---- Luis Tampan 514-206.7118
Avons-nous accès à un stationnement  non",""," Tapis à jeter "," Tapis du café laissés sur place, il n'y a plus de restaurant. "," 918 ou 1601 ","H2V 1A5","FALSE","","2","1","","","TRUE","FALSE","TRUE","lbeaulieu@alliedreit.com","","","","","FALSE","FALSE","TRUE","","","FALSE","","","","","","","","","","","",""
"","","TRUE","3138","FALSE","TRUE","3235","TRUE","TRUE","70","1 869 ","","1360-ET","Édifice 5445 de Gaspé","5445 de Gaspé, Montréal","Outremont","avr. 28","19h-21h30","","","","","","","","","","","","","","FALSE","FALSE","TRUE","jmonteiro@Alliedreit.com","","","","","","","TRUE","","","","","","","","","","","","","","",""
"","","TRUE","3138","FALSE","TRUE","3235","TRUE","TRUE","90","1 902 ","","1361-ET","Édifice 5455 de Gaspé","5455 de Gaspé, Montréal","Outremont","avr. 28","21h30-24h","","","","","","","","","","","","","","FALSE","FALSE","TRUE","jmonteiro@Alliedreit.com","","","","","","","TRUE","","","","","","","","","","","","","","",""
"","","TRUE","3138","FALSE","TRUE","3235","TRUE","TRUE","75","387 ","","1267-ET","Globule DIX30","1520, ave des Lumières local 15,"," Brossard","avr. 25","13h-14h","","","","","","","","","","","","","","TRUE","FALSE","FALSE","","","","","","","","FALSE","","","","","","","","","","","","","","",""
"","","TRUE","3138","FALSE","TRUE","3235","TRUE","TRUE","16","190 ","","1268-ET","Héma-Québec","7, place du Commerce"," Brossard","avr. 25","14h30-15h30","","","","","","","","","","","","","","TRUE","FALSE","FALSE","","","","","","","","","","","","","","","","","","","","","","",""
"Condo","","TRUE","3138","FALSE","TRUE","3235","TRUE","TRUE","","  814 ","","1294-ET","Les Cours d'Outremont","970, ave McEachran","Outremont","avr. 29","16h-17h","","Code boit à clefs : 2029","","","PAYÉ","La personne qui peut vous donner les accès est Madame BOSSE (514) 824-6163.
Est-ce que tu peux le faire en même temps que Northcrest la semaine prochaine ? Annie Bonnard 514-564-2200","","","","","","","","TRUE","FALSE","TRUE","lescoursoutremont@in.condoweb.app;afotsing@sergicquebec.ca","","","","","FALSE","FALSE","TRUE","","","FALSE","","","","","","","","","","","",""
"Condo","","TRUE","3138","FALSE","TRUE","3235","TRUE","TRUE","100","  4 626 ","","1306-ET","SDC 6150 du Boisé","6150 du Boisé","Outremont","avr. 29","13h-17h","","","","","","","","FALSE","FALSE","","","FALSE","FALSE","TRUE","TRUE","TRUE","6150duboise@bellnet.ca","","FACTURE 4626pc +100pl moulures     même si 4410pc","","","FALSE","FALSE","TRUE","","","FALSE","","","","","","","","","","","",""
"","","","","","","","","","","  47 546 ","","","3/4","","","","","","","","","","","","FALSE","","","","","","FALSE","FALSE","FALSE","","","","","","FALSE","FALSE","FALSE","","","FALSE","","","","","","","","","","","",""
"Édifice","","TRUE","3138","FALSE","TRUE","3236","TRUE","TRUE","37","  898 ","","1323-ET","Bibliothèque Maisonneuve","4120, Ontario Est","Montréal-Est ","1 mai","9h-10h","","jour et heure exacte  a venir  (Lundi, jeudi et vendredi ouvre a midi - mardi et mercredi à 10h00)","","À FAIRE EN AVANT-MIDI LA BIBLIOTHÈQUE OUVRE À 12H","","","","FALSE","FALSE","","","FALSE","FALSE","TRUE","FALSE","TRUE","marie-eve.leprohon@montreal.ca","","","","","FALSE","FALSE","TRUE","","","FALSE","","","","","","","","","","","",""
"Bureau","","TRUE","3138","FALSE","TRUE","3236","TRUE","TRUE","","  314 ","","1282-ET","Transition Centre-Sud","1819, boul. Rosemont","Montréal-Est ","1 mai","10h30-11h30","","jour et heure exacte  a venir ","","JE NE PEUX PAS ROMPRE LE SERVICE D'ENTRETIEN PARCE  CE CLIENT","","","H2G 1S5","","","","","","","TRUE","FALSE","TRUE","jdeslauriers@transitioncentresud.ca","","","","","FALSE","FALSE","TRUE","","","FALSE","","","","","","","","","","","",""
"Édifice","","TRUE","3138","FALSE","TRUE","3236","TRUE","TRUE","","  420 ","","1197-ET","CPE Coeur de l'Île","2830, rue Gilford","Montréal","1 mai","12h-13h","","","","","","LAISSEZ LE TAPIS DE L'ENTRÉE PRINCIPALE SUR PLACE ***PRENDRE LES MESURES POUR  L'AJOUT D'UN TAPIS À LA POUPONIIÈRE ET L'ENTRÉE EXT. ARRIÈRE.  À faire pour l'automne prochain","H1Y 3N2","FALSE","","2","1","","","TRUE","TRUE","TRUE","craymond@cpeile.com","","","","","FALSE","FALSE","TRUE","","","FALSE","","","","","","","","","","","",""
"Condo","","TRUE","3138","FALSE","TRUE","3236","TRUE","TRUE","","  778 ","","1263-ET","TAK phase 1","4820, 4e Avenue","Montréal","1 mai","13h-14h",""," la personne sur place sera Manuel que vous pourrez contacter au : 514 546 9643
Ou récupérer les clés situées dans la boite à clés à l’entrée de l’immeuble : code 2308","","","","et tak 1 950 Pc ???? Courriel Guylaine 8 mai 23 : 778pc","H1Y 2T8","FALSE","","","6","","","TRUE","TRUE","TRUE","quentin.plachta@solutioncondo.com","","","","","FALSE","FALSE","TRUE","","","FALSE","","","","","","","","","","","",""
"Condo","","TRUE","3138","FALSE","TRUE","3236","TRUE","TRUE","","  526 ","","1247-ET","TAK Phase 6 ","4801, 2e avenue","Montréal","1 mai","14h-15h","","","","","","","","FALSE","","","","","","TRUE","TRUE","TRUE","quentin.plachta@solutioncondo.com","","","","","FALSE","FALSE","TRUE","","","FALSE","","","","","","","","","","","",""
"","","TRUE","3138","FALSE","TRUE","3236","TRUE","TRUE","16","111 ","","1265-ET","Globule Place Vessailles","7275, rue Sherbrooke Est, Montréal","Montréal-Est ","mai 2","7h-8h","","jour et heure exacte  a venir ","","","","","","","","","","","","TRUE","FALSE","TRUE","juliench06@gmail.com","","","","","","","","","","","","","","","","","","","","","",""
"Résidences","","TRUE","3138","FALSE","TRUE","3236","TRUE","TRUE","","  1 628 ","","1184-ET","Le Savignon","3111, rue Victoria","Lachine","2 mai","11h30-13h","","","","","5 oct 23 : Seul les sorties d'urgence ont pu être installés car le plancher était plein de savon et il y a avait un évènement à la réception. Tapis laissés au garage intérieur _ Prévoir moulures il en manque beaucoup _ Manque tapis ascenseur 1,3,5 _ Tapis #11 (devant les ascenseur) non installés car la directrice générale à vu une grosse tache ronde, je lui ai montré que c'est de l'usure.","Philippe Croteau 514-634-4646","H8S 0B1","FALSE","","","","","","TRUE","FALSE","TRUE","c@lesavignon.com","","","","","FALSE","FALSE","TRUE","","","FALSE","","","","","","","","","","","",""
"Résidences","","TRUE","3138","FALSE","TRUE","3236","TRUE","TRUE","220","  2 335 ","","0955-ET","Résidence LE22","4400, rue Jean-Talon Est","Montréal","2 mai","13h30-16h","Nathalie","Personne responsable : Nathalie GagnonStationnement : oui : 438-403-1760","","","Manque tapis #10, gros tapis beige sans nom à l'entrepôt. Attendre avant de planifier l'installation, le client va appeler solatech car nous n'allons peut-être pas installer..le tapis est très usé et nuis au personnel de la cuisine","Si camion pas trop gros, possibilité d’une place a l’intérieur sinon, devant la Résidence.  -  Michel Joncas 514-372-3838","H1S 0C5","FALSE","","","","","","TRUE","FALSE","TRUE","cse@residencele22.com","","","","","FALSE","FALSE","TRUE","","","FALSE","","","","","","","","","","","",""
"Condo","","TRUE","3138","FALSE","TRUE","3236","TRUE","TRUE","","  460 ","","1290-ET","Coop Montagne verte ","1285, St-Jacques","Montreal","avr. 17","15h30-16h30","","","","Ils ont oublié ceux du Sous-sol a la sortie des ascenseurs près du garage","","","","","","","","","","TRUE","FALSE","FALSE","entretien@coopmontagneverte.com","","","","","FALSE","FALSE","TRUE","","","FALSE","","","","","","","","","","","",""
"Édifice","","TRUE","3138","FALSE","TRUE","3236","TRUE","TRUE","","  917 ","","1348-ET","Allied - Édifice 3530 St-Laurent","3530 boul. St-Laurent","Montréal","avr. 23","15h30-16h30","","","","","","","","","","","","","","FALSE","FALSE","TRUE","lbeaulieu@alliedreit.com","","","","","","","","","","","","","","","","","","","","","",""
"Édifice médical","","TRUE","3138","FALSE","TRUE","3236","TRUE","TRUE","57","  1 077 ","","1239-ET","CHSLD Dr. Chevrier","700, rue Docteur Chevrier","Saint-Lambert","avr. 25","16h-17h30","","À la demande du nouveau responsable Bruno forget, les tapis escaliers A et B laissés sur place et ne feront plus partie du contrat. Total 60 pieds carré en moins","","","","Si vous venez tôt plus facile de trouver un stationnement.","","FALSE","","","","","","TRUE","FALSE","TRUE","maintenancechsldstlambert@ls4.ca","","","","","FALSE","FALSE","TRUE","","","FALSE","","","","","","","","","","","",""
"","","TRUE","3164","FALSE","TRUE","3236","TRUE","TRUE","20","  420 ","","","Banque Financière Montréal","1155, rue Metcalfe","Montréal","","","","","","","","","","FALSE","","","","","","FALSE","FALSE","TRUE","lucie.richard@bgo.com","","","","","FALSE","FALSE","FALSE","","","FALSE","","","","","","","","","","","",""
"Condo","","TRUE","3164","FALSE","TRUE","3236","TRUE","TRUE","","  1 315 ","","1165-ET","Northcrest - SDC6301 (tapis pluie?)","6301 rue Northcrest","Outremont","6 mai","10h30-12h","","","","Tapis permanent à changer courriel envoyé 11 avril   Installer les tapis de pluie","Ascenseur LM pas installé, hors fonction tapis laisser sur place  FAIT","entretien@syndicatnorthcrest.ca     Paul 514-773-4660","H3S 2W3","FALSE","","2","2","","","TRUE","FALSE","TRUE","gestionnaire@syndicatnorthcrest.ca","","","","","FALSE","FALSE","TRUE","","","FALSE","","","","","","","","","","","",""
"Condo","","TRUE","3164","FALSE","TRUE","3236","TRUE","TRUE","","  759 ","","1166-ET","Northcrest - SDC6300 (tapis pluie?)","6300 rue Northcrest","Outremont","6 mai","12h-13h","","","","Tapis permanent à changer courriel envoyé 11 avril","","entretien@syndicatnorthcrest.ca     Paul 514-773-4660","H3S 2W3","FALSE","","2","1","","","TRUE","FALSE","TRUE","gestionnaire@syndicatnorthcrest.ca","","","","","FALSE","FALSE","TRUE","","","FALSE","","","","","","","","","","","",""
"","","TRUE","3164","FALSE","TRUE","3236","TRUE","TRUE","10","  755 ","","1276-ET","SDC 1800 Angrignon","1800 Angrignon","Montréal","6 mai","16h-17h","","514 922 6174. appeler Michel pour le code","","","","Vous pouvez avoir accès à un stationnement extérieur","H8N 0B8","","","","","","","TRUE","FALSE","TRUE","minacio@immoplex.com","","","","","FALSE","FALSE","TRUE","","","FALSE","","","","","","","","","","","",""
"Condo","","TRUE","3164","FALSE","TRUE","3236","TRUE","TRUE","35","606 ","","1342-ET","SDC Condo Rêve","4975 rue Jean-Talon Ouest","Outremont","mai 8","10h-11h","","Luc Vincelette : (438) 778-7076","","","","","","","","","","","","TRUE","FALSE","TRUE","kpatry@sergicquebec.ca;fernandes@sergicquebec.ca","","","","","","","TRUE","","","","","","","","","","","","","","",""
"","","TRUE","3164","FALSE","TRUE","3236","TRUE","TRUE","260","1 193 ","","1264-ET","Héma-Québec","4300, rue Garand, Saint-Laurent","Montréal","mai 8","11h30-12h30","","","","","","","","","","","","","","TRUE","FALSE","TRUE","JeanGauthier.Kouadjo@hema-quebec.qc.ca","","","","","","","TRUE","","","","","","","","","","","","","","",""
"","","TRUE","3164","FALSE","TRUE","3236","TRUE","TRUE","257","1 941 ","","1297-ET","Les verrières du Golf","2400, rue des Nations, Saint-Laurent","Montréal","mai 8","15h-17h","","","","","","","","","","","","","","TRUE","FALSE","TRUE","cse@lesverrieresdugolf.com","","","","","","","TRUE","","","","","","","","","","","","","","",""
"Édifice","","TRUE","3164","FALSE","TRUE","3236","TRUE","TRUE","42","  538 ","","1138-ET","Carmichael","3822, ave de Courtrai","Outremont","mai 8","8h30-9h30","","APRÈS LE 1ER AVRIL ET NE PAS FAIRE LES VENDREDIS","","If there is no choice we will take the 13th of May but not happily. We had originally requested that they be removed mid April every year.","A la demande du client nous avons remplacé les moulures","FAire attention à la réinstallation ces moulures sont bombées.","H3S 1C1","FALSE","","2","2","","","TRUE","FALSE","TRUE","bfahey@carmichael-eng.ca","","","","","FALSE","FALSE","TRUE","","","FALSE","","","","","","","","","","","",""
"","","TRUE","3164","FALSE","TRUE","3236","TRUE","TRUE","40","230 ","","1266-ET","Globule Centre Laval","1600, boul. le Corbusier","Laval","mai 9","11h-12h","","","","","","","","","","","","","","TRUE","FALSE","TRUE","juliench06@gmail.com","","","","","","","","","","","","","","","","","","","","","",""
"Édifice","","TRUE","3164","FALSE","TRUE","3236","TRUE","TRUE","34","  1 263 ","","1233-ET","Sunwing","3105 Place Louis R-Renaud","Laval","mai 9","12h30-13h30","","","","Ajout entrée arrière 360,8 + 903","Manque 4 tapis  = fait","","H7V 0A3","FALSE","","","8","","","TRUE","TRUE","TRUE","juliench06@gmail.com","","ajout déc 2023 - entrée arrière 360pc (360+903)","","","FALSE","FALSE","TRUE","","","FALSE","","","","","","","","","","","",""
"Édifice","","TRUE","3164","FALSE","TRUE","3236","TRUE","TRUE","","  849 ","","1232-ET","Vacances Sunwing","3105 Place Louis R-Renaud","Laval","mai 9","13h30-14h30","","","","","","","H7V 0A3","FALSE","","","8","","","TRUE","TRUE","TRUE","juliench06@gmail.com","","","","","FALSE","FALSE","TRUE","","","FALSE","","","","","","","","","","","",""
"Résidences","","TRUE","3164","FALSE","TRUE","3236","TRUE","TRUE","","  1 385 ","","1229-ET","Le Boréa","61 54e avenue Est","Blainville","mai 9","15h-16h30","","","","","Manque tapis ascenseur - Fait","André Laplante 450-508-8073","","FALSE","","","","","","TRUE","TRUE","TRUE","cse@residenceborea.com","","","","","FALSE","FALSE","TRUE","","","FALSE","","","","","","","","","","","",""
"Commerce","","TRUE","3176","FALSE","TRUE","3236","TRUE","TRUE","","  957 ","","1333-ET +1332-ET","West Spa (+pas mettre sur facture Salon Augustin - ) - Salon Augustin","4655 Boul St-Jean, suite 202","Montréal","12 mai","8h30-9h30","","","","A FAIRE   ADRESSE COURRIEL À VÉRIFIER","","","","FALSE","","2","2","","","TRUE","FALSE","TRUE","nemco@bell.net","","L’ascenseur n’a pas pu être installé étant donné qu’il était hors service.","","","FALSE","FALSE","TRUE","","","FALSE","","","","","","","","","","","",""
"Édifice","","TRUE","3176","FALSE","TRUE","3236","TRUE","TRUE","","  584 ","","0909-ET","SFM","325, boul. Bouchard","Dorval","mai 12","10h-11h","","Changement de dates , prevu le 18 avril mais fermé pour paques ","","","Manque tapis de garde robe #9 et #10 ","Je suis la personne responsable sur place, mais la réceptionniste (Tina Limosani) sera en mesure de répondre à vos question s’il y a lieu. Une carte d’accès n’est pas requise, la réceptionniste vous laissera entrer.","H9S 1A9","FALSE","","2","2","","","TRUE","FALSE","TRUE","steve.colpron@sfm.ca","","","","","FALSE","FALSE","TRUE","","","FALSE","","","","","","","","","","","",""
"","","TRUE","3176","FALSE","TRUE","3236","TRUE","TRUE","36","1 260 ","","1362-ET","Cloria Beloeil","400, rue Serge Pépin"," Beloeil","mai 13","7h-9h","","C'est parfait pour le 13 à 13h00, louis sera sur place pour vous accueillir, 438-498-7024, vous pourrez aussi au besoin, communiquez avec Philippe au 514-250-5456. _ PS SVP ne pas retiré le tapis du hall d'entré,(entre les deux portes) nous tenons à le conservé, vous pourrez discuté des formalités avec Philippe.","","","","","","","","","","","","FALSE","FALSE","TRUE","normandstdenis@cloriacite.ca","","","","","","","FALSE","","","","","","","","","","","","","","",""
"Édifice","","TRUE","3176","FALSE","TRUE","3236","TRUE","TRUE","","2 689 ","","1355-ET"," Centre culturel NDG","6400 ave Monkland","Montréal","mai 14","9h30-12h30","","A FAIRE","","","","","","","","","","","","TRUE","TRUE","TRUE","irinel-maria.stingaciu@montreal.ca","","","","","","","TRUE","","","","","","","","","","","","","","",""
"","","TRUE","3176","FALSE","TRUE","3236","TRUE","TRUE","","  1 597 ","","1350-ET","Orchard House","4176, boulevard Grand Montréal","Montréal","mai 14","7h-9h","","","","","","","","","","","","","","TRUE","TRUE","TRUE","","","","","","","","TRUE","","","","","","","","","","","","","","",""
"Résidences","","TRUE","3176","FALSE","TRUE","3236","TRUE","TRUE","","  1 520 ","","0979-ET","Le Seva","300, rue de Sarcelle","Candiac","mai 14","7h-8h30","","","","","","Vous pourrez vous stationner sur le côté de la résidence, sur la rue Sarcelle près du IGA. On installera des cônes pour vous faciliter l’accès.","J5R 0S9","FALSE","","2","2","","","TRUE","TRUE","TRUE","cse@residenceseva.com","","","","","FALSE","FALSE","TRUE","","","FALSE","","","","","","","","","","","",""
"Condo","","TRUE","3176","FALSE","TRUE","3236","TRUE","TRUE","96","1738","","1318-ET","7227 boul. Newman SDC ","7227 boul. Newman","","14 mai","11h","","","","","","","","FALSE","FALSE","","","FALSE","FALSE","TRUE","FALSE","FALSE","alexandre.srougi@solutioncondo.com","","14/05/2025:  Il veut une date de réinstallation le 1er novembre 2025","","","FALSE","FALSE","TRUE","","","FALSE","","","","","","","","","","","",""
"Condo","","TRUE","3176","FALSE","TRUE","3236","TRUE","TRUE","","  1 439 ","","1196-ET","SDC La chancellerie du Vieux-Montréal","460, rue du Champ de Mars","Montréal","mai 16","7h-9h","","","","","","Code de la boîte à clés 2140 autre boite 5286","H2Y 1B4","FALSE","","2","4","","","TRUE","FALSE","TRUE","gnuckle@lecsor.com","","1025 code du lock box fournisseur","","","FALSE","FALSE","TRUE","","","FALSE","","","","","","","","","","","",""
"Bureau","","TRUE","3176","FALSE","TRUE","3236","TRUE","TRUE","","196 ","","1354-ET","Clinique Dr. Barolet","3333, 100e Avenue, 2e étage","Laval","mai 16","13h30-14h","","TRES TÔT LE MATIN OU LE VENDREDI EN APRÈS-MIDI","","","","","","","","","","","","TRUE","TRUE","TRUE","gestionnaire.clinique@gmail.com","","","","","","","TRUE","","","","","","","","","","","","","","",""
"Bureau","","TRUE","3176","FALSE","TRUE","3236","TRUE","TRUE","","728 ","","1353-ET","Clniique Dr. Lacoste","3333, 100e Avenue, 3e étage","Laval","mai 16","14h-14h30","","","","","","","","","","","","","","TRUE","TRUE","TRUE","gestionnaire.clinique@gmail.com","","","","","","","TRUE","","","","","","","","","","","","","","",""
"Édifice","","TRUE","3176","FALSE","TRUE","3236","TRUE","TRUE","","262","","1352-ET","Edifice 3333 100e Avenue","3333, 100e Avenue, RDC","Laval","mai 16","14h30-15h","","","","","","","","","","","","","","TRUE","TRUE","TRUE","gestionnaire.clinique@gmail.com","","","","","","","TRUE","","","","","","","","","","","","","","",""
"Commerce","","TRUE","3176","FALSE","TRUE","3236","TRUE","TRUE","","  282 ","","1207-ET","Uvée- Optométriste de Quartier","1668, rue Laurier Est","Montréal","mai 15","10h","","","","","","pas de stationnment assigné","H2J 1J2","FALSE","","1","1","","","TRUE","TRUE","TRUE","alex-anne.harvey@uvee.ca","","","","","FALSE","FALSE","TRUE","","","FALSE","","","","","","","","","","","",""
"","","TRUE","3176","FALSE","TRUE","3236","TRUE","TRUE","","  630 ","","1283-ET","SDC La Tannerie","680 de Courcelle","Montréal","mai 15","7h30","","CODE D'ACCÈS:  01723","","","","","","","","","","","","TRUE","TRUE","TRUE","SyndicatTannerie@in.condoweb.app;Gestion.lefite@in.condoweb.app","","","","","FALSE","FALSE","TRUE","","","FALSE","","","","","","","","","","","",""
"Édifice médical","","TRUE","3176","FALSE","TRUE","3236","TRUE","TRUE","","  720 ","","0964-ET","Centre de médecine sportive","4650, desserte S, Autoroute 440","Laval","mai 16","12h","","","","","","Entreposage seulement","H7T 2Z8","FALSE","","2","2","","","TRUE","TRUE","TRUE","gestionnaire.clinique@gmail.com","","","","","FALSE","FALSE","TRUE","","","FALSE","","","","","","","","","","","",""
"Édifice médical","","TRUE","3176","FALSE","TRUE","3236","TRUE","TRUE","","  528 ","","0968-ET","Clinique Chirurgicale de Laval","4650, desserte S, Autoroute 440","Laval","mai 16","12h","","","","Tapis arrière n'a pas été enlevé car trop de choses dessus","Surcharge de 25$ par client pour changement d'horaire fait le même jour","Tapis déjà lavé et roulé, seulement les entreposer.","H7T 2Z8","FALSE","","1","1","","","TRUE","TRUE","TRUE","gestionnaire.clinique@gmail.com","","","","","FALSE","FALSE","TRUE","","","FALSE","","","","","","","","","","","",""
"Résidences","","TRUE","3176","FALSE","TRUE","3236","TRUE","TRUE","","  1 520 ","","0960-ET","Résidence Station Est","4800 rue Contrecoeur, Montréal","Montréal","mai 16","7h","","","","","","","","FALSE","","2","3","","","TRUE","TRUE","TRUE","cse@residencestationest.com","","**il manquait des moulures, 1 boîte neuve utilisée ***","","","FALSE","FALSE","TRUE","","","FALSE","","","","","","","","","","","",""
"Condo","","TRUE","3176","FALSE","TRUE","3236","TRUE","TRUE","","  658 ","","1231-ET","Le Maritime","3040, boul. Lévesque Ouest","Laval","mai 16","13h","","Sylvain Laliberté 514-979-9208","","","","Nathalie Mora 514-984-6206","H7V 2G3","FALSE","","","","","","TRUE","TRUE","TRUE","maritime1@videotron.ca","","","","","FALSE","FALSE","TRUE","","","FALSE","","","","","","","","","","","",""
"Commerce","","TRUE","3187","FALSE","TRUE","3236","TRUE","TRUE","","  367 ","","1329-ET","UV Quartier Villeray","682, rue Jarry Est","Montréal","mai 21","10h","","","","","","","","FALSE","","2","2","","","TRUE","TRUE","TRUE","olivier.parenteau@uvee.ca","","","","","FALSE","FALSE","TRUE","","","FALSE","","","","","","","","","","","",""
"","","TRUE","3187","FALSE","TRUE","3236","TRUE","TRUE","70","1 587 ","","1366-ET","Pôle Ste-Catherine","6080, Place des Cageux, Sainte-Catherine (rue Léo)","","mai 21","13h","","","","","","","","","","","","","","TRUE","TRUE","TRUE","","","","","","","","TRUE","","","","","","","","","","","","","","",""
"Condo","","TRUE","3187","FALSE","TRUE","3236","TRUE","TRUE","","  1 569 ","","0869-ET ","Le William","1811, rue William","Montréal","mai 22","10h30","","","","à faire","","Jennifer Allen       438 523-3687","H3J 1R5","FALSE","","2","2","","","TRUE","FALSE","FALSE","antoine.portelance@solutioncondo.com","","manque tapis 3 (était sur feuille mais pas dans rouleau, petit tapis usé contour de grille d'entrée","","","FALSE","FALSE","TRUE","","","FALSE","","","","","","","","","","","",""
"","","TRUE","3187","FALSE","TRUE","3236","TRUE","TRUE","","426 ","","1365-ET","Edelman","4446, boul. St-Laurent, suite 501","Montréal","mai 21","10h30","","","","","","","","","","","","","","FALSE","FALSE","FALSE","Sylvie.Mota@edelman.com","","","","","","","TRUE","","","","","","","","","","","","","","",""
"Édifice","","TRUE","3187","FALSE","TRUE","3236","TRUE","","","  240 ","","1367-ET","École Lucien-Guilbault","7695, avenue Papineau","Montreal","mai 21","9h","","","","","","","","","","","","","","TRUE","TRUE","TRUE","d.laflamme@lucien-guilbault.ca","","","","","","","FALSE","","","","","","","","","","","","","","",""
"Bureau","","TRUE","3132","FALSE","TRUE","3236","TRUE","","20","","","1328-ET","KOTV","300, Place Charles-Lemoyne, bureau 200","Longueuil","avr. 14","16h-17h","","Au 1245 Bleury vous pouvez vous stationner dans la cour intérieure.","","","","","","FALSE","","2","2","","","TRUE","TRUE","TRUE","imartin@kotv.ca","","","","","FALSE","FALSE","TRUE","","","FALSE","","","","","","","","","","","",""
"Édifice","","TRUE","3132","FALSE","TRUE","3236","TRUE","","","  1 923 ","","1189-ET","Musée Pointe-à-Callière","350, Place Royale","Montréal","avr. 14","14h-17h","","Pas de nettoyage de tapis: Stationnement la rue de la commune livraison
Personne responsable Suleyman (demandez à la sécurité)","","","","Diminué PC pour retrait et nettoyage déja fait : tout l'éperon (sont roulés et numérotés) 1923pc originalement  Sur la rue de la Commune (place de livraison quoi de chargement, à côté de l’édifice L’éperon)","H2Y 3Y5","FALSE","","2","3","","","TRUE","TRUE","TRUE","Isabelle.Vermette@gdi.com","","","","","FALSE","FALSE","FALSE","","","FALSE","","","","","","","","","","","",""
"Édifice","","TRUE","3138","FALSE","TRUE","3236","TRUE","","","770 ","","1349-ET","Allied- Édifice 3510 St-Laurent","3510 boul. St-Laurent","Montréal","avr. 23","14h30-15h30","","","","","","","","","","","","","","FALSE","FALSE","TRUE","lbeaulieu@alliedreit.com","","","","","","","","","","","","","","","","","","","","","",""
"Condo","","TRUE","3193","FALSE","TRUE","3236","TRUE","TRUE","","  400 ","","1238-ET","Cours Centrale Phase 2","2910, Edouard Montpetit","Laval","juin 2","13h","","2 grosses taches sur les tapis, 1 dans l'entrée et l'autre dans le garage","","","","M. Jad Mammo membre du syndicat va être sur place. Il pourra vous donner accès à l’immeuble son numéro +1 (514) 632-6450 
Oui vous avez accès au stationnement extérieur devant l’immeuble.
alain Maksoud 514-865-4897  Condo 601","H7T 2T5","FALSE","","","4","","","TRUE","TRUE","TRUE","sslax@hotmail.com","","","","","FALSE","FALSE","FALSE","","","FALSE","","","","","","","","","","","",""
"","","TRUE","3201","FALSE","TRUE","3236","TRUE","TRUE","","  779 ","","1206-ET","TMX","1115, St-Antoine , 17e et 18e étages","","avr. 13","","","","","","","","","FALSE","","","","","","FALSE","FALSE","FALSE","","","","","","FALSE","FALSE","TRUE","","","FALSE","","","","","","","","","","","",""
"Édifice médical","","TRUE","3209","FALSE","TRUE","3236","TRUE","TRUE","75","695 ","","1369-ET","CMCL (clinique médico-chirurgicale des Laurentides","305 rue Docteur Charles-Léonard #204, St-Jérôme","","juin 16","11h","","","","","","","","","","","","","","FALSE","FALSE","FALSE","mgbeaudry@ccrlaurentides.com;mcroizer@ccrlaurentides.com","","","","","","","","","","","","","","","","","","","","","",""
"Édifice médical","","TRUE","3209","FALSE","TRUE","3236","TRUE","TRUE","10","318 ","","1368-ET","CEOM","4670, desserte Sud 440, local 110","Laval","juin 16","15h-16h","","","","","","","","","","","","","","FALSE","FALSE","FALSE","","","","","","","","","","","","","","","","","","","","","","",""
"Édifice médical","","","3209","FALSE","TRUE","3236","TRUE","TRUE","","  536 ","","1286-ET","CEOM (suite 100-145)","4650, desserte S, Autoroute 440","Laval","juin 16","13h",""," 4650 déserte +4670 déserte suite 110. 15:00 à 16:00
***** le 4670 n'était pas à l'horaire mais confirmé avec cliente et Guylaine,  total 230 pieds carrés ****   // charge 3176  CRÉDITER SUR FATURE 3187 _ les tapis ont ete retirer a la suite reno , ne sais ou sont les tapis ","","","Impossible de faire , j'ai parler avec le gestionnaire, il préfère en fin d'après midi . C'est un immeuble médical, beaucoup de circulation. Il est d'accord pour une surcharge pour le changement d'horaire, mohamed vas le faire se soir seul .","Entreposage seulement","H7T 2Z8","FALSE","","","","","","TRUE","TRUE","TRUE","gestionnaire.clinique@gmail.com","","","","","FALSE","FALSE","TRUE","","","FALSE","","","","","","","","","","","",""
"","","","","","","","","","","47 100 ","","","4/4","","","","","","","","","","","","","","","","","","","","","","","","","","","","","","","","","","","","","","","","","","",""
"Édifice","","TRUE","3136","FALSE","TRUE","3247","TRUE","TRUE","","  1 981 ","","1068-ET","Banque de Montréal","129 St-Jacques O","Montréal","avr. 23","17h-22h","","","","","Manque devant ascenseurs entrée 105 st-jacques et tapis #5 qui manquait aussi l'an passé - Pas pu installer le tapis de l'ascenseur #2 car hors d'usage       INSTALLATION AVEC FROG TAPE ","","H2Y 1L6","FALSE","","2","5","","","TRUE","FALSE","TRUE","Vincent.Blais@bgis.com","","Les ascenseurs 2 et 4 n’ont pas pu être installé hors service. / L’ascenseur 5 n’a pas été installé tapis manquant / Le tapis dans le guichet n’a pas été installé tapis manquant / Les bureaux sur les étages 10 et 11 n’ont pas pu être installé parce que selon la sécurité, il n’était pas avisé que nous venions donc aucun agent nous était assigné. Un employé est resté plus tard que son quart de travail pour nous dépanner mais il ne pouvait pas rester assez longtemps pour que nous fassions les bureaux sur les étages","","","FALSE","FALSE","FALSE","","","FALSE","","","","","","","","","","","",""
"Édifice","","TRUE","3136","FALSE","TRUE","3247","TRUE","TRUE","","  2 126 ","","1070-ET","BMO (CHANGE TAPIS À L'AUTOMNE??)","119, St- Jacques O","Montréal","avr. 23","17h-22h","","","","","","","H2Y 1L6","FALSE","","2","3","","","TRUE","FALSE","TRUE","Vincent.Blais@bgis.com","","","","","FALSE","FALSE","FALSE","","","FALSE","","","","","","","","","","","",""
"Édifice","","TRUE","3136","FALSE","TRUE","3247","TRUE","TRUE","","  860 ","","1069-ET","Édifice 105 St-Jacques O","105, St-Jacques O","Montréal","avr. 23","17h-22h","","","","","","","H2Y 1L6","FALSE","","2","1","","","TRUE","FALSE","TRUE","Vincent.Blais@bgis.com","","","","","FALSE","FALSE","FALSE","","","FALSE","","","","","","","","","","","",""
"","","TRUE","","FALSE","TRUE","3247","TRUE","TRUE","","308","","10791-F","Dynatherm","4127, rue Cousens, Saint-Laurent","Richard Ross","juill. 11","11h30","","","","","","","","","","","","","","FALSE","FALSE","FALSE","","","","","","","","","","","","","","","","","","","","","","",""
"","","FALSE","","FALSE","FALSE","","FALSE","FALSE","","5 275 ","","","Était en attente","","","","","","","","","","","","","","","","","","FALSE","FALSE","FALSE","","","","","","","","","","","","","","","","","","","","","","",""
"Édifice","","TRUE","","FALSE","TRUE","","FALSE","TRUE","","  394 ","","0782-ET","Bernard et Brassard #300 *tape vert* ","2265, boul. Fernand-Lafontaine","Longueuil","avr. 10","15h30-16h30","","NE PAS FACTURER LE CLIENT POUR LE PLANCHER DE BOIS ABÎMER","","La cliente demande à ce qu’il y ai toujours du tape vert où il y a le plancher de bois, puisque sinon ça enlève la pellicule de protection transparente sur le bois.","","Il est à noter que nous avons des tapis à retirer sur les 2 étages (3e et 4e) de nos bureaux et qu’il ne faudrait pas oublier cette année de retirer le tapis qui se trouve dans le vestiaire du 4e étage. - Geneviève PIcard 450-321-0257","J4G 2R8","FALSE","","1","1","","","TRUE","TRUE","FALSE","Gpicard@bernard-brassard.com","","","","","FALSE","FALSE","FALSE","","","FALSE","","","","","","","","","","","",""
"Édifice","","TRUE","","FALSE","TRUE","","FALSE","FALSE","","2 780 ","","1347-ET","Edifice SunLife (étages)","1155, rue Metcalfe, Montréal","Montréal","","18h-2ham","","Les étages sont entreposés au 24e étage","","","","","","","","","","","","FALSE","FALSE","FALSE","","","","","","","","","","","","","","","","","","","","","","",""
"Édifice","","TRUE","","FALSE","TRUE","","TRUE","TRUE","","","","11014-Q","Tour Optimum","1500 rue Montgolfièr","Laval","","","","","","","","","1122","","","","","","","FALSE","FALSE","FALSE","","","","","","","","","","","","","","","","","","","","","","",""
"Condo","","TRUE","","FALSE","TRUE","","TRUE","TRUE","","234","760","1285-ET","Esplanade Cartier Phase 2","2180, rue Ste-Catherine Est","Montréal","6 mai","7h-8h","","LAISSEZ SUR PLACE LES TAPIS EN CARREAUX","","","ok PAYÉ    code d'acces 8040 boîte du 2180 celle du bas","Laisser le tapis de l'entrée du gyn sur place ***FAIRE LES PLANS PARCE QUE CE N'EST PAS NOUS QUI AVONS INSTALLÉ LES TAPIS EN CARREAUX*** 234pc en rouleau + 760 en carreaux","H2K 0C4","FALSE","","","","","","TRUE","FALSE","TRUE","sebastien.righi@solutioncondo.com","","","","","FALSE","FALSE","FALSE","","","FALSE","","","","","","","","","","","",""
"Condo","","TRUE","","FALSE","TRUE","","TRUE","TRUE","","347","832","1284-ET","Esplanade Cartier Phase 1","2120, rue Ste-Catherine Est","Montréal","6 mai","8h-9h","","LAISSEZ SUR PLACE LES TAPIS EN CARREAUX","","","Manque moulures ascenseurs   ok PAYÉ    code d'acces 2379 boîte du 2120 celle du bas","Aucun accès.  Très compliqué en travaux toute le tour de l'immeuble.  Laisser le tapis de l'entrée du gyn sur place ***FAIRE LES PLANS PARCE QUE CE N'EST PAS NOUS QUI AVONS INSTALLÉ LES TAPIS EN CARREAUX*** 347pc en rouleau + 832 en carreaux","H2K 0C4","FALSE","","","","","","TRUE","TRUE","TRUE","sebastien.righi@solutioncondo.com","","","","","FALSE","FALSE","FALSE","","","FALSE","","","","","","","","","","","",""
"Condo","","TRUE","","FALSE","TRUE","","TRUE","TRUE","","  600 ","","0908-ET","Tours Frontenac","1850, rue Bercy","Montréal","","","","","","","","responsable Giovanni Santopietro ou 514 823 0335 ou sur place Mario Beauchesne, Oui accés a un stationnement sur la terrasse ou a l`interior du garage / Aimerait début avril","H2K 1X3","FALSE","","1","2","","","TRUE","FALSE","FALSE","jffournier@g3p.ca","","","","","FALSE","FALSE","FALSE","","","FALSE","","","","","","","","","","","",""
"Édifice","","TRUE","","FALSE","TRUE","","FALSE","FALSE","","2675","","1251-ET","Facility Tour Deloitte ","115 Saint-Antoine ","Montréal ","","13h30-16h30","","Installation des carpettes au 5e étage (faire attention au sens de la carpette)","","INSTALLER LES TAPIS DE PLUIE 12 juillet 2024","Paul André Rivest qui assurait la coordination ne pourra plus le faire. Je serai votre point de contact pour le moment Soh Seppowo Martin Gabriel","5e ÉTAGE AVEC UN TAPE VERT *** plancher de pierre.  À FAIRE UN LUNDI OU VENDREDI À PARTIR DE 16H - RÉINSTALLER 2 TAPIS AU ","","FALSE","","","","","","TRUE","FALSE","TRUE","jvenne@deloitte.ca","","","","","FALSE","FALSE","FALSE","","","FALSE","","","","","","","","","","","",""
"Condo","","TRUE","","FALSE","TRUE","","TRUE","TRUE","","  426 ","","1202-ET","SDC Alinéa","10011 boul. Pie IX","Montréal","","13h-14h","","À CANCELER","","","Vous pouvez contacter l’intendant au 514-265-8196 du lundi au vendredi et il est présent à l’immeuble de 8h à 15h. S’il y a quoi que ce soit, veuillez me contacter : Jennifer au 438-523-3687","","H1H 3Z3","FALSE","","2","1","","","TRUE","FALSE","TRUE","daniela.ndao@solutioncondo.com","","tache tapis entrée","","","FALSE","FALSE","FALSE","","","FALSE","","","","","","","","","","","",""
"Édifice","","TRUE","","FALSE","TRUE","","TRUE","TRUE","","  576 ","","0948-ET","Place des Tourelles I, Boisbriand","3655, des Grandes Tourelles","Boisbriand","","","","","","","","","J7H 1M9","FALSE","","2","1","","","TRUE","FALSE","FALSE","mclavoie@alcovicapital.com","","Les moulures du sous-sol n’ont pas pu être installé","","","FALSE","FALSE","FALSE","","","FALSE","","","","","","","","","","","",""
"Édifice","","TRUE","","FALSE","TRUE","","TRUE","TRUE","63","  1 241 ","","0957-ET","Complexe Louis-R Renaud","2905, place Louis-R. renaud","Laval","","","","En attente d'achat de nouveaux tapis.","","","","","","FALSE","","","","","","TRUE","FALSE","FALSE","gpomerleau@alcovicapital.com","","****manque tapis #6","","","FALSE","FALSE","FALSE","","","FALSE","","","","","","","","","","","",""
"Édifice","","TRUE","","FALSE","TRUE","","TRUE","FALSE","","  611 ","","1211-ET","1310 Ontario Est","1310, rue Ontario Est","Montréal","","","","","","","","Ne pas nettoyer les tapis parce qu'ils ont été fait le 1er mars 2023 sur place","","FALSE","","2","2","","","TRUE","FALSE","FALSE","info@constructionmarcan.com","","","","","FALSE","FALSE","FALSE","","","FALSE","","","","","","","","","","","",""
"","","TRUE","","FALSE","TRUE","","TRUE","TRUE","47","  662 ","","1292-ET","Héritage du Plateau","310, rue Rachel Est","Montréal","","","","","","1 ascenceur pas fait réparation depuis longtemps","29 nov : Aucun des tapis d'ascenseur n'est fait pour cet endroit,  à été fait s neuf l'an passé,  à peut-être été utilisé ailleurs. 
****Ne pas y retourner avec la remorque,  impossible de se stationner même en double sans bloquer la circulation ****  Un tapis d'ascenseur manquant"," Chantal Pelletier","H2W 0A1","","","","","","","TRUE","FALSE","FALSE","dg@heritageplateau.com;maintenance@heritageplateau.com","","à la demande du client, tapis dans ascenseur pas installé car les usagers urine dessus..)","","","FALSE","FALSE","FALSE","","","FALSE","","","","","","","","","","","",""
"","","FALSE","","FALSE","FALSE","","FALSE","FALSE","12","734 ","","10792-F","Centre administratif PRAIDA","35, rue Port-Royal Est, Montréal","","","","","","","","","","","","","","","","","FALSE","FALSE","FALSE","","","","","","","","","","","","","","","","","","","","","","",""
"","","","","","","","","","","","","","","","","","","","","","","","","","","","","","","","FALSE","FALSE","FALSE","","","","","","","","","","","","","","","","","","","","","","",""
"","","","","","","","","","","","","","","","","","","","","","","","","","","","","","","","FALSE","FALSE","FALSE","","","","","","","","","","","","","","","","","","","","","","",""
"NEUF 2024 - DÉBUT 2025","","","","","","","","","","","","","","","","","","","","","","","","","","","","","","","FALSE","FALSE","FALSE","","","","","","","","","","","","","","","","","","","","","","",""
"","","FALSE","","FALSE","FALSE","","FALSE","FALSE","70","615 ","","10542-F","CCRL (we et 3e étage)","325, rue Docteur Charles-Léonard, St-Jérôme","","","","","","","","","","","","","","","","","FALSE","FALSE","FALSE","","","","","","","","","","","","","","","","","","","","","","",""
"","","FALSE","","FALSE","FALSE","","FALSE","FALSE","12","236 ","","10532-F","Centre de vaccination Décarie","6900 du Square Décarie, Montréal","","","","","","","","","","","","","","","","","FALSE","FALSE","FALSE","","","","","","","","","","","","","","","","","","","","","","",""
"","","FALSE","","FALSE","FALSE","","FALSE","FALSE","24","530 ","","10775-F","Le Fleming sur le parc","2141, rue Léger, Lasalle","","","","","","","","","","","","","","","","","FALSE","FALSE","FALSE","jgtremblay@immoplex.com","","","","","","","","","","","","","","","","","","","","","",""
"","","FALSE","","FALSE","FALSE","","FALSE","FALSE","50","827 ","","10776-F","Le Fleming sur le parc","2151, rue Léger, Lasalle","","","","","","","","","","","","","","","","","FALSE","FALSE","FALSE","jgtremblay@immoplex.com","","","","","","","","","","","","","","","","","","","","","",""
"","","FALSE","","FALSE","FALSE","","FALSE","FALSE","80","1 080 ","","10715-F","Le Livélia","325, chemin de la Pointe-Sud, île des Soeurs","","","","","","","","","","","","","","","","","FALSE","FALSE","FALSE","mcrilly@cogir.net","","","","","","","","","","","","","","","","","","","","","",""
"","","FALSE","","FALSE","FALSE","","FALSE","FALSE","15","244 ","","10795-Q","CPE Familigarde","9170 rie Airlie, LaSalle","","","","","","","","","","","","","","","","","FALSE","FALSE","FALSE","","","","","","","","","","","","","","","","","","","","","","",""
"","","FALSE","","FALSE","FALSE","","FALSE","FALSE","5","204 ","","10824-Q","CPNF","509 chemin de la Grande Côte, Saint-Eustache","","","","","","","","","","","","","","","","","FALSE","FALSE","FALSE","","","","","","","","","","","","","","","","","","","","","","",""
"","","FALSE","","FALSE","FALSE","","FALSE","FALSE","0","1 100 ","","10825-Q","CSSL (Horizon-Jeunesse)","155 boulevard St-Rose, Laval","","","","","","","","","","","","","","","","","FALSE","FALSE","FALSE","","","","","","","","","","","","","","","","","","","","","","",""
"","","FALSE","","FALSE","FALSE","","FALSE","FALSE","10","565 ","","10831-Q","100 rue Louis Lévesque, Otterburn","100 rue Louis Lévesque, Otterburn","","","","","","","","","","","","","","","","","FALSE","FALSE","FALSE","","","","","","","","","","","","","","","","","","","","","","",""
"","","FALSE","","FALSE","FALSE","","FALSE","FALSE","40","715 ","","10769-Q","ABB","4025 Route Transcanadienne","","","","","","","","","","","","","","","","","FALSE","FALSE","FALSE","","","","","","","","","","","","","","","","","","","","","","",""
"","","FALSE","","FALSE","FALSE","","FALSE","FALSE","15","156 ","","10823-Q","Atelier Monarque ","200-63 rue des Brésoles, Montréal","","","","","","","","","","","","","","","","","FALSE","FALSE","FALSE","","","","","","","","","","","","","","","","","","","","","","",""
"","","FALSE","","FALSE","FALSE","","FALSE","FALSE","70","178 ","","10758-Q","Bastium Construction","1300 rue Olier, Montréal","","","","","","","","","","","","","","","","","FALSE","FALSE","FALSE","","","","","","","","","","","","","","","","","","","","","","",""
"","","FALSE","","FALSE","FALSE","","FALSE","FALSE","55","731 ","","10834-Q","E2IP","1455 32e avenue Lachine, Québec","","","","","","","","","","","","","","","","","FALSE","FALSE","FALSE","","","","","","","","","","","","","","","","","","","","","","",""
"","","FALSE","","FALSE","FALSE","","FALSE","FALSE","10","180 ","","10783-Q","Groupe ABS","17 rue de l'Industrie, Saint-Rémi","","","","","","","","","","","","","","","","","FALSE","FALSE","FALSE","","","","","","","","","","","","","","","","","","","","","","",""
"","","FALSE","","FALSE","FALSE","","FALSE","FALSE","0","643 ","","10761-Q","ICI, Institut des communications graphiques","999 av Émile-Journault, Montréal","","","","","","","","","","","","","","","","","FALSE","FALSE","FALSE","","","","","","","","","","","","","","","","","","","","","","",""
"","","FALSE","","FALSE","FALSE","","FALSE","FALSE","","","","10777-Q","Le 1420 Boulevard Mont-Royal","1420 boulevard Mont-Royal","","","","","","","","","","","","","","","","","FALSE","FALSE","FALSE","","","","","","","","","","","","","","","","","","","","","","",""
"","","FALSE","","FALSE","FALSE","","FALSE","FALSE","0","485 ","","10818-Q","Le Caléo","1030 Rue Lionel-Daunais, Boucherville, QC J4B 0L","","","","","","","","","","","","","","","","","FALSE","FALSE","FALSE","","","","","","","","","","","","","","","","","","","","","","",""
"","","FALSE","","FALSE","FALSE","","FALSE","FALSE","15","499 ","","10768-Q","Louise Lapierre Danse","1460 Mont-Royal Est, Montréal","","","","","","","","","","","","","","","","","FALSE","FALSE","FALSE","","","","","","","","","","","","","","","","","","","","","","",""
"","","FALSE","","FALSE","FALSE","","FALSE","FALSE","15","768 ","","10806-Q","MTL Pilates","1440 rue Peel, Montréal ","","","","","","","","","","","","","","","","","FALSE","FALSE","FALSE","","","","","","","","","","","","","","","","","","","","","","",""
"","","FALSE","","FALSE","FALSE","","FALSE","FALSE","55","580 ","","10833-Q","SDC Cité Acadie","1650 Place de l'Acadie Montréal","","","","","","","","","","","","","","","","","FALSE","FALSE","FALSE","","","","","","","","","","","","","","","","","","","","","","",""
"","","FALSE","","FALSE","FALSE","","FALSE","FALSE","60","245 ","","10835-Q","SDC Station Sud","100-40 rue St-Sylvestre, Longueuil","","","","","","","","","","","","","","","","","FALSE","FALSE","FALSE","","","","","","","","","","","","","","","","","","","","","","",""
"","","FALSE","","FALSE","FALSE","","FALSE","FALSE","15","150 ","","10809-Q","Sommet Groupe Financier","11900 Rue de l'avenir, Mirabel Québec J7J, Canada)","","","","","","","","","","","","","","","","","FALSE","FALSE","FALSE","","","","","","","","","","","","","","","","","","","","","","",""
"","","FALSE","","FALSE","FALSE","","FALSE","FALSE","75","1 483 ","","10736-Q","The Alexander 2","1180 Rue du Sussex, Montréal","","","","","","","","","","","","","","","","","FALSE","FALSE","FALSE","","","","","","","","","","","","","","","","","","","","","","",""
"","","FALSE","","FALSE","FALSE","","FALSE","FALSE","20","473 ","","10717-Q","Zeffy","917, avenue Mont-Royal Est","","","","","","","","","","","","","","","","","FALSE","FALSE","FALSE","","","","","","","","","","","","","","","","","","","","","","",""
"","","FALSE","","FALSE","FALSE","","FALSE","FALSE","","","","","","","","","","","","","","","","","","","","","","","FALSE","FALSE","FALSE","","","","","","","","","","","","","","","","","","","","","","",""
"","","FALSE","","FALSE","FALSE","","FALSE","FALSE","","","","","","","","","","","","","","","","","","","","","","","","","","","","","","","","","","","","","","","","","","","","","","","",""
" ","","","","","","","","","","","","","","","","","","","","","","","","","","","","","","","","","","","","","","","","","","","","","","","","","","","","","","","",""