"dd","FAC/DEVIS _ ASP_Réinstallation ","Réinstallation","FAC/DEVIS _ ASP_retrait","Rebut","Retrait","FAC/DEVIS _ ASP_nett+entreposage","entreposage","Nettoyer entrepôt"," TAPE VERT "," Moulures "," PC "," Carreaux "," # Projet"," Noms"," Adresse","Ville","BLEU : JOUR   GRIS : SOIR        DATE Réinstallation","Heures","Contact sur place","Code Postal","Commentaires - Automne 2025","Commentaires - Printemps 2025","Commentaires - Automne 2024","Commentaires - printemps 2024","Commentaires - Automne 2023","Commentaires - Printemps 2023","Pickup fait","pickup/ref","Nbr gars","H/ins ","moulure "," Moulure à changer ","Courriel envoyé","Confirmation","Confirmation des dates de RDV","Courriel","","Commentaires - Automne  2024","Détail des tapis","Fact #","Nettoyer","Payer ","Sola Facture ","Ajustement à faire","Date prévue","Fait","","","","","","","","","","","",""
"Condo","","TRUE","3176","FALSE","TRUE","3236","TRUE","TRUE","FALSE","","  1 439 ","","1196-ET","SDC La chancellerie du Vieux-Montréal","460, rue du Champ de Mars","Montréal","28 novembre","7h-12h","","H2Y 1B4","EN ATTENTE DU CLIENT POUR LA RÉINSTALLATION OU NOUVELLE INSTALLATION","","","","","Code de la boîte à clés 2140 autre boite 5286","FALSE","","2","4","","","TRUE","FALSE","FALSE","gnuckle@lecsor.com","","1025 code du lock box fournisseur","","","FALSE","FALSE","FALSE","","","FALSE","","","","","","","","","","","",""
"Édifice médical","","TRUE","3209","FALSE","TRUE","3236","TRUE","TRUE","FALSE","","  536 ","","1286-ET","CEOM (suite 100-145)","4650, desserte S, Autoroute 440","Laval","7 octobre","7h-12h","","H7T 2Z8","Nouvelle installation "," 4650 déserte +4670 déserte suite 110. 15:00 à 16:00
***** le 4670 n'était pas à l'horaire mais confirmé avec cliente et Guylaine,  total 230 pieds carrés ****   // charge 3176  CRÉDITER SUR FATURE 3187 _ les tapis ont ete retirer a la suite reno , ne sais ou sont les tapis ","","","Impossible de faire , j'ai parler avec le gestionnaire, il préfère en fin d'après midi . C'est un immeuble médical, beaucoup de circulation. Il est d'accord pour une surcharge pour le changement d'horaire, mohamed vas le faire se soir seul .","Entreposage seulement","FALSE","","","","","","TRUE","FALSE","TRUE","gestionnaire.clinique@gmail.com","","","","","FALSE","FALSE","TRUE","","","FALSE","","","","","","","","","","","",""
"Résidences","3380","TRUE","3138","FALSE","TRUE","3236","TRUE","TRUE","FALSE","","  1 628 ","","1184-ET","Le Savignon","3111, rue Victoria","Lachine","17 octobre","7h-12h","","H8S 0B1","Manque tapis asc 3","","","","5 oct 23 : Seul les sorties d'urgence ont pu être installés car le plancher était plein de savon et il y a avait un évènement à la réception. Tapis laissés au garage intérieur _ Prévoir moulures il en manque beaucoup _ Manque tapis ascenseur 1,3,5 _ Tapis #11 (devant les ascenseur) non installés car la directrice générale à vu une grosse tache ronde, je lui ai montré que c'est de l'usure.","Philippe Croteau 514-634-4646","FALSE","","","","","","TRUE","FALSE","TRUE","cse@lesavignon.com","","","","","FALSE","FALSE","TRUE","","","FALSE","","","","","","","","","","","",""
"Édifice","3380","TRUE","3129","TRUE","TRUE","","FALSE","FALSE","FALSE","","  1 031 ","","1183-ET","Gare Windsor - Etages (Niveau 1-3-4-5-9)","1100 av Des canadiens ","Montreal ","","","SERVICE D'ENTRETIEN POUR LES ÉTAGES","","","ENLÈVEMENT ET DISPOSITION DU TAPIS RDC SEULEMENT (installation neuve à l'automne)","","","bureaux du 3ieme et 4ieme  de la gare Windsor nous n'avons pas pu les installer,  aucun agent de sécurité disponible pour nous   Manque ascenseur #4. Petit très usé  - Devant les portes du lobby du 1160 Avenue-des-canadiens-de-Montréal / les poches d'air empêchent les portes d'ouvrir et accroche, ce qui fait que le tapis ne va pas durer longtemps / dans la cabine d'ascenseur no.6, le tapis n'a pas été installé - 900 peel manque tapis #2 / Complété sauf intérieur bureau 910 peel 3ieme et 4ieme étage,  pas de gardien disponible.  ","(4510pc réinstallation) CRÉDIT NC-10 - 85pc de moins niveau 1 jamais installé  910 peel ASCENSEUR 6 Hors d'usage,  pas pu retirer le tapis","FALSE","","2","6","","","FALSE","FALSE","FALSE","claudiu.avram@cadillacfairview.com","","13 nov : 900 Peel, pointe du tapis décollé / 910 Peel, pointe de tapis décollé et tapis mal installé et trop long / 1100 av. des Canadiens, ascenseurs 2,3 n'ont pas de tapis. / 1160 av. des Canadiens, tapis mal installé et trop long et il manque un tapis. / Les ascenseurs 5,6,7 manquent les tapis. / niveau 3 suite 300 manque le tapis. / Niveau 4 suite 400 manque le tapis. / Niveau 4 suite 450 manque le tapis. / Niveau 5 manque le tapis. / Niveau 9 suite 900 manque le tapis.  -- ascenseur #8 1100 des canadiens hors d'usage, pas installé. Tapis #8 1160 des Canadiens","","","FALSE","FALSE","FALSE","","","FALSE","","","","","","","","","","","",""
"Édifice","3380","TRUE","3132","FALSE","TRUE","3192","FALSE","FALSE","FALSE","","  890 ","","1312-ET","Place Victoria (tapis de pluie retrait )","800, rue du Square Victoria","Montréal","7 novembre","16 - 22 h","","","","Personne sur place : Agents de sécurité (Sinon : Jennifer au 514-966-7588)
Stationnement : il y a un stationnement intérieur payant pour les voitures des travailleurs. Sinon, une place est réservée au quai de marchandises pour le camion pour samedi (svp préciser les heures) Hauteur maximale quai 11 pi 4 po.","","","","","FALSE","FALSE","","","FALSE","FALSE","TRUE","FALSE","TRUE","jtousignant@groupepetra.com","","","","","FALSE","FALSE","FALSE","","","FALSE","","","","","","","","","","","",""
"Édifice","3356","TRUE","3132","FALSE","TRUE","3192","TRUE","TRUE","FALSE","","  446 ","","1288-ET","CHSLD Val des Brises","3155, boul. Michel-Ange","Laval","8 octobre","12h-17h","","H7E 0J1","moulure trop user pour être installer","","","","","","","","","","","","TRUE","FALSE","TRUE","mclavoie@alcovicapital.com","","","","","FALSE","FALSE","TRUE","","","FALSE","","","","","","","","","","","",""
"Édifice","3356","TRUE","3122","FALSE","TRUE","3186","TRUE","TRUE","FALSE","950","","5393","1307-ET","1001 Robert-Bourrassa","700, rue de la Gauchetière","","25 octobre","7h-17h","","","Asc bloquer asc e k b et les deux asc de ss fait et tout les autres on été désinstaller par le client donc pas numéroté","Pas pu retirer tapis ascenseurs A,H,G,F,M,N,P,J hors d'usage car ils changent les panneaux de contrôle à l'intérieur.","","","","","FALSE","FALSE","","","FALSE","FALSE","TRUE","FALSE","TRUE","jcampbell@alliedreit.com","","reste 3 corridors des ascenseurs Guylaine doit commander des tapis","","","FALSE","FALSE","FALSE","","","FALSE","","","","","","","","","","","",""
"Édifice","3356","TRUE","3138","FALSE","TRUE","3235","TRUE","TRUE","FALSE","","  918 ","","1175-ET","Allied - Atlantic","400, rue Atlantic","Outremont","28 octobre","12h-17h","","H2V 1A5","*** manque tapis asc2****","Personne responsable sur place ou code d'accès   INTERCOM :  la touche no 2---- Luis Tampan 514-206.7118
Avons-nous accès à un stationnement  non",""," Tapis à jeter "," Tapis du café laissés sur place, il n'y a plus de restaurant. "," 918 ou 1601 ","FALSE","","2","1","","","TRUE","FALSE","TRUE","lbeaulieu@alliedreit.com","","","","","FALSE","FALSE","TRUE","","","FALSE","","","","","","","","","","","",""
"Commerce","3356","TRUE","3176","FALSE","TRUE","3236","TRUE","TRUE","FALSE","","  957 ","","1333-ET +1332-ET","West Spa (+pas mettre sur facture Salon Augustin - ) - Salon Augustin","4655 Boul St-Jean, suite 202","Montréal","2 décembre","12h-17h","","","","","","A FAIRE   ADRESSE COURRIEL À VÉRIFIER","","","FALSE","","2","2","","","TRUE","FALSE","FALSE","nemco@bell.net","","L’ascenseur n’a pas pu être installé étant donné qu’il était hors service.","","","FALSE","FALSE","TRUE","","","FALSE","","","","","","","","","","","",""
"Bureau","3356","TRUE","3122","FALSE","TRUE","3186","TRUE","TRUE","FALSE","","  360 ","638","1321-ET","Gestion Sandanna","1, Westmount Square, bureau 2000","Montréal","24 novembre","7h-12h","","","****manque tapis vinyles ****","ENTRE 6H00 ET 7H00 LE MATIN (confirmé pour le 2 avril)","","à partir de 6h00 am","","","FALSE","","2","2","","","TRUE","FALSE","TRUE","nbecot@peloquinkattan.com","","","","","FALSE","FALSE","TRUE","","","FALSE","","","","","","","","","","","",""
"Condo","3356","TRUE","3138","FALSE","TRUE","3236","TRUE","TRUE","FALSE","","  460 ","","1290-ET","Coop Montagne verte ","1285, St-Jacques","Montreal","27 novembre","12h-17h","","","***** manque tapis sous sol et asc1.. ****","","","Ils ont oublié ceux du Sous-sol a la sortie des ascenseurs près du garage","","","","","","","","","TRUE","FALSE","TRUE","entretien@coopmontagneverte.com","","","","","FALSE","FALSE","TRUE","","","FALSE","","","","","","","","","","","",""
"Condo","3356","TRUE","3138","FALSE","TRUE","3236","TRUE","TRUE","FALSE","","  526 ","","1247-ET","TAK Phase 6 ","4801, 2e avenue","Montréal","9 octobre","12h-17h","","","les tapis du sous-sol de la phase 6, située au 4801 2e Avenue à Montréal, n’ont pas encore été installés.","","","","","","FALSE","","","","","","TRUE","FALSE","TRUE","alexandre.srougi@solutioncondo.com","","","","","FALSE","FALSE","TRUE","","","FALSE","","","","","","","","","","","",""
"","3356","TRUE","","","","","","","","","  2 019 ","","1372-ET","Google","425 Viger O, 8-9-10-11-12-13e étages","MONTREAL","1 décembre","12-22h","","","Étages Google : Environ 40 tapis non identifiés et roulés à l'envers, j'ai seulement installé l'étage #8 (probablement avec les mauvais tapis) le reste des tapis ont été roulés du bon côté, sans aide de la personne qui a désinstallé les tapis , prévoir un rendez-vous d'environ 4 ou 5 heures pour démêler le tout et faire l'installation.27 jan 2025 réinstallation 10858-F feuille de pose 6h à 80$/h","","","","","","","","","","","","FALSE","FALSE","FALSE","fournierg@xwf.google.com","","","","","FALSE","FALSE","TRUE","","","FALSE","","","","","","","","","","","",""
"Condo","3356","TRUE","3164","FALSE","TRUE","3236","TRUE","TRUE","FALSE","35","  606 ","","1342-ET","SDC Condo Rêve","4975 rue Jean-Talon Ouest","Outremont","2 décembre","12h-17h","","","","Luc Vincelette : (438) 778-7076","","","","","","","","","","","TRUE","FALSE","TRUE","edeloffre@sergicquebec.ca ","","","","","","","TRUE","","","","","","","","","","","","","","",""
"Résidences","3266","TRUE","3129","FALSE","TRUE","3186","TRUE","TRUE","FALSE","165","  1 246 ","","1310-ET","Résidence du marché","25, rue du Marché","Ste-Thérèse","6 octobre","7h-12h","","J7E 5T2","","contacter Louis Philippe ou Yvon : 450-433-6544","","","","","FALSE","","2","3","","","TRUE","FALSE","TRUE","cse@lesresidencesdumarche.com","","1080pc pas bon - neuf feuille de po 1246 pc","","","FALSE","FALSE","TRUE","","","FALSE","","","","","","","","","","","",""
"Édifice médical","3266","TRUE","3129","FALSE","TRUE","3186","TRUE","TRUE","FALSE","78","  760 ","","1327-ET","CCRL Laurentides","325 Rue du Docteur-Charles-Léonard, ","St-Jérôme","6 octobre","12h-17h","","","","Marie-Gabrielle Beaudry : 514-293-9923 : Stationnement payant sur place","","","","","FALSE","","2","2","","","TRUE","FALSE","TRUE","mgbeaudry@ccrlaurentides.com;mcroizer@ccrlaurentides.com","","manque un tapis à installer au deuxième étage","","","FALSE","FALSE","TRUE","","","FALSE","","","","","","","","","","","",""
"Édifice médical","3266","TRUE","3209","FALSE","TRUE","3236","TRUE","TRUE","FALSE","75","  695 ","","1369-ET","CMCL (clinique médico-chirurgicale des Laurentides","305 rue Docteur Charles-Léonard #204","St-Jérôme","6 octobre","12h-17h","","","","","","","","","","","","","","","TRUE","FALSE","TRUE","mgbeaudry@ccrlaurentides.com;mcroizer@ccrlaurentides.com","","","","","","","TRUE","","","","","","","","","","","","","","",""
"Édifice médical","3266","TRUE","3176","FALSE","TRUE","3236","TRUE","TRUE","FALSE","","  528 ","","0968-ET","Clinique Chirurgicale de Laval","4650, desserte S, Autoroute 440","Laval","7 octobre","7h-12h","","H7T 2Z8","","","","Tapis arrière n'a pas été enlevé car trop de choses dessus","Surcharge de 25$ par client pour changement d'horaire fait le même jour","Tapis déjà lavé et roulé, seulement les entreposer.","FALSE","","1","1","","","TRUE","FALSE","TRUE","gestionnaire.clinique@gmail.com","","","","","FALSE","FALSE","TRUE","","","FALSE","","","","","","","","","","","",""
"Bureau","3266","TRUE","3176","FALSE","TRUE","3236","TRUE","TRUE","FALSE","","  196 ","","1354-ET","Clinique Dr. Barolet","3333, 100e Avenue, 2e étage","Laval","7 octobre","7h-12h","","","","TRES TÔT LE MATIN OU LE VENDREDI EN APRÈS-MIDI","","","","","","","","","","","TRUE","TRUE","TRUE","gestionnaire.clinique@gmail.com","","","","","","","TRUE","","","","","","","","","","","","","","",""
"Bureau","3266","TRUE","3176","FALSE","TRUE","3236","TRUE","TRUE","FALSE","","  728 ","","1353-ET","Clniique Dr. Lacoste","3333, 100e Avenue, 3e étage","Laval","7 octobre","7h-12h","","","COMMENCER PAR LE 3e ÉTAGE parce que la clinique ouvre à 8h00","","","","","","","","","","","","TRUE","TRUE","TRUE","gestionnaire.clinique@gmail.com","","","","","","","TRUE","","","","","","","","","","","","","","",""
"Édifice","3266","TRUE","3176","FALSE","TRUE","3236","TRUE","TRUE","FALSE","","  262 ","","1352-ET","Edifice 3333 100e Avenue","3333, 100e Avenue, RDC","Laval","7 octobre","7h-12h","","","","","","","","","","","","","","","TRUE","TRUE","TRUE","gestionnaire.clinique@gmail.com","","","","","","","TRUE","","","","","","","","","","","","","","",""
"Édifice médical","3266","TRUE","3209","FALSE","TRUE","3236","TRUE","TRUE","FALSE","10","  318 ","","1368-ET","CEOM","4670, desserte Sud 440, local 110","Laval","7 octobre","12h-17h","","","","","","","","","","","","","","","TRUE","FALSE","TRUE","daniele.lanthier@cmslaval.com","","","","","","","TRUE","","","","","","","","","","","","","","",""
"Édifice médical","3266","TRUE","3129","FALSE","TRUE","3186","TRUE","TRUE","FALSE","","  1 080 ","","1341-ET","CSSL (Horizon-Jeunesse)","155 boulevard St-Rose, Laval","Laval","8 octobre","7h-12h","","","","Entrée 10,11, 12 et tapis devant les casiers seulement ","","","","","","","","","","","TRUE","FALSE","TRUE","jfcloutier@csslaval.gouv.qc.ca","","","","","","","TRUE","","","","","","","","","","","","","","",""
"Édifice médical","3266","TRUE","3132","FALSE","TRUE","3192","TRUE","TRUE","FALSE","","  1 014 ","","1279-ET","Académie Lavalloise","5290, boul. des Laurentides","Laval","8 octobre","7h-12h","","H7K 2J8","","La personne responsable sera Mme Patrizia à la réception.","","","J'ai dû couper des tapis car les portes ne fermaient plus et aux extrémités car les tapis ont rallongés","","","","","","","","TRUE","FALSE","TRUE","anthony.lacopo@academielavalloise.com","","","","","FALSE","FALSE","TRUE","","","FALSE","","","","","","","","","","","",""
"Édifice","3266","TRUE","3132","FALSE","TRUE","3192","TRUE","TRUE","FALSE","8","  360 ","","1343-ET","Edifice 1555 de l'Avenir","1555, boul. de l'Avenir, Laval","Laval","8 octobre","7h-12h","","","","Cathy: 450-436-8985","","","","","","","","","","","TRUE","FALSE","TRUE","cathyboucher@groupechameleon.ca","","","","","","","TRUE","","","","","","","","","","","","","","",""
"Édifice","3266","TRUE","3132","FALSE","TRUE","3192","TRUE","TRUE","FALSE","8","  498 ","","1344-ET","Edifice 1565 de l'Avenir","1565, boul. de l'Avenir, Laval","Laval","8 octobre","7h-12h","","","","","","","","","","","","","","","TRUE","FALSE","TRUE","cathyboucher@groupechameleon.ca","","","","","","","TRUE","","","","","","","","","","","","","","",""
"Édifice","3266","TRUE","3132","FALSE","TRUE","3192","TRUE","TRUE","FALSE","20","  924 ","","1345-ET","Edifice 1575 de l'Avenir","1575, boul. de l'Avenir, Laval","Laval","8 octobre","7h-12h","","","","","","","","","","","","","","","TRUE","FALSE","TRUE","cathyboucher@groupechameleon.ca","","","","","","","TRUE","","","","","","","","","","","","","","",""
"Commerce","3266","TRUE","3132","FALSE","TRUE","3192","TRUE","TRUE","FALSE","","  156 ","","1230-ET","Bédard Ressources #310","1575, boul. de l'Avenir","Laval","8 octobre","7h-12h","","H7S 2N5","","Stationnement Oui : Christiane (514) 261-1067","","","","Melissa Célissaint 514-212-2230 #360","FALSE","","","4","","","TRUE","FALSE","TRUE","christiane@bedardressources.com","","","","","FALSE","FALSE","TRUE","","","FALSE","","","","","","","","","","","",""
"Édifice médical","3266","TRUE","3132","FALSE","TRUE","3192","TRUE","TRUE","FALSE","24","  262 ","","1322-ET","Ortho-Laval - Dr. Jean-Marc Dumoulin","1575 boul. de l'Avenir, 3e étage","Laval","8 octobre","7h-12h","","","","","","","","","FALSE","FALSE","","","FALSE","FALSE","TRUE","FALSE","TRUE","clinique@ortholaval.com","","","","","FALSE","FALSE","TRUE","","","FALSE","","","","","","","","","","","",""
"Condo","3266","TRUE","3193","FALSE","TRUE","3236","TRUE","TRUE","FALSE","","  400 ","","1238-ET","Cours Centrale Phase 2","2910, Edouard Montpetit","Laval","9 octobre","7h-12h","","H7T 2T5","","2 grosses taches sur les tapis, 1 dans l'entrée et l'autre dans le garage","","","","M. Jad Mammo membre du syndicat va être sur place. Il pourra vous donner accès à l’immeuble son numéro +1 (514) 632-6450 
Oui vous avez accès au stationnement extérieur devant l’immeuble.
alain Maksoud 514-865-4897  Condo 601","FALSE","","","4","","","TRUE","FALSE","FALSE","sslax@hotmail.com","","","","","FALSE","FALSE","TRUE","","","FALSE","","","","","","","","","","","",""
"Bureau","3266","TRUE","3138","FALSE","TRUE","3236","TRUE","TRUE","FALSE","","  314 ","","1282-ET","Transition Centre-Sud","1819, boul. Rosemont","Montréal-Est ","9 octobre","7h-12h","","H2G 1S5","","jour et heure exacte  a venir ","","JE NE PEUX PAS ROMPRE LE SERVICE D'ENTRETIEN PARCE  CE CLIENT","","","","","","","","","TRUE","FALSE","TRUE","jdeslauriers@transitioncentresud.ca","","","","","FALSE","FALSE","TRUE","","","FALSE","","","","","","","","","","","",""
"Édifice","3266","TRUE","3138","FALSE","TRUE","3236","TRUE","TRUE","FALSE","37","  898 ","","1323-ET","Bibliothèque Maisonneuve","4120, Ontario Est","Montréal-Est ","9 octobre","7h-12h","","","","jour et heure exacte  a venir  (Lundi, jeudi et vendredi ouvre a midi - mardi et mercredi à 10h00)","","À FAIRE EN AVANT-MIDI LA BIBLIOTHÈQUE OUVRE À 12H","","","FALSE","FALSE","","","FALSE","FALSE","TRUE","FALSE","TRUE","marie-eve.leprohon@montreal.ca","","","","","FALSE","FALSE","TRUE","","","FALSE","","","","","","","","","","","",""
"Condo","3266","TRUE","3138","FALSE","TRUE","3236","TRUE","TRUE","FALSE","","  778 ","","1263-ET","TAK phase 1","4820, 4e Avenue","Montréal","9 octobre","12h-17h","","H1Y 2T8",""," la personne sur place sera Manuel que vous pourrez contacter au : 514 546 9643
Ou récupérer les clés situées dans la boite à clés à l’entrée de l’immeuble : code 2308","","","","et tak 1 950 Pc ???? Courriel Guylaine 8 mai 23 : 778pc","FALSE","","","6","","","TRUE","FALSE","TRUE","alexandre.srougi@solutioncondo.com","","","","","FALSE","FALSE","TRUE","","","FALSE","","","","","","","","","","","",""
"Résidences","3266","TRUE","3176","FALSE","TRUE","3236","TRUE","TRUE","FALSE","","  1 520 ","","0960-ET","Résidence Station Est","4800 rue Contrecoeur, Montréal","Montréal","10 octobre","7h-12h","","","","","","","","","FALSE","","2","3","","","TRUE","FALSE","TRUE","cse@residencestationest.com","","**il manquait des moulures, 1 boîte neuve utilisée ***","","","FALSE","FALSE","TRUE","","","FALSE","","","","","","","","","","","",""
"Édifice médical","3270","TRUE","3176","FALSE","TRUE","3236","TRUE","TRUE","FALSE","","  720 ","","0964-ET","Centre de médecine sportive","4650, desserte S, Autoroute 440","Laval","7 octobre","7h-12h","","H7T 2Z8","Pas pu installer bureaux 100 et 145 (rénovations faites, lieux totalement différents) Médecine sportive : nous n'avons pas installé tapis #5 et 5A car moisis (il y avait seulement un tour de wrap dans le milieu donc possiblement pas nettoyés) À nettoyer au camion usine à l'entrepôt) ***petits tapis***","","","","","Entreposage seulement","FALSE","","2","2","","","TRUE","FALSE","TRUE","gestionnaire.clinique@gmail.com","","","","","FALSE","FALSE","TRUE","","","FALSE","","","","","","","","","","","",""
"Édifice médical","3270","TRUE","3129","FALSE","TRUE","3186","TRUE","TRUE","FALSE","13","  1 030 ","","1001-ET","Édifice E  --  120$ 2e déplacement","3310, 100e Avenue","Laval","7 octobre","7h-12h","","H7T 0J7","le deuxièmes travaux en cour , tapis laissé sur place","M. Serge Boyer. Vous pouvez le rejoindre au (514) 793-2540.","","","","","FALSE","","2","2","","","TRUE","FALSE","TRUE","dbourgault@e-propri-gestion.com","","","","","FALSE","FALSE","TRUE","","","FALSE","","","","","","","","","","","",""
"Résidences","3270","TRUE","3176","FALSE","TRUE","3236","TRUE","TRUE","FALSE","","  1 520 ","","0979-ET","Le Seva","300, rue de Sarcelle","Candiac","13 octobre","12h-17h","","J5R 0S9","","","","","","Vous pourrez vous stationner sur le côté de la résidence, sur la rue Sarcelle près du IGA. On installera des cônes pour vous faciliter l’accès.","FALSE","","2","2","","","TRUE","FALSE","FALSE","cse@residenceseva.com","","","","","FALSE","FALSE","TRUE","","","FALSE","","","","","","","","","","","",""
"Condo","3270","TRUE","3164","FALSE","TRUE","3236","TRUE","TRUE","FALSE","","  1 315 ","","1165-ET","Northcrest - SDC6301 (tapis pluie?)","6301 rue Northcrest","Outremont","13 octobre","7h-12h","","H3S 2W3","","","","Tapis permanent à changer courriel envoyé 11 avril   Installer les tapis de pluie","Ascenseur LM pas installé, hors fonction tapis laisser sur place  FAIT","entretien@syndicatnorthcrest.ca     Paul 514-773-4660","FALSE","","2","2","","","TRUE","FALSE","FALSE","gestionnaire@syndicatnorthcrest.ca","","","","","FALSE","FALSE","TRUE","","","FALSE","","","","","","","","","","","",""
"Condo","3270","TRUE","3164","FALSE","TRUE","3236","TRUE","TRUE","FALSE","","  759 ","","1166-ET","Northcrest - SDC6300 (tapis pluie?)","6300 rue Northcrest","Outremont","13 octobre","7h-12h","","H3S 2W3","","","","Tapis permanent à changer courriel envoyé 11 avril","","entretien@syndicatnorthcrest.ca     Paul 514-773-4660","FALSE","","2","1","","","TRUE","FALSE","FALSE","gestionnaire@syndicatnorthcrest.ca","","","","","FALSE","FALSE","TRUE","","","FALSE","","","","","","","","","","","",""
"Condo","3270","TRUE","3176","FALSE","TRUE","3236","TRUE","TRUE","FALSE","","  658 ","","1231-ET","Le Maritime","3040, boul. Lévesque Ouest","Laval","14 octobre","12h-17h","","H7V 2G3","Le client veut de nouveau tapis pour le ss1 et ss2 2 morceau de 75 pouce par 6.6 et des moulure pour les asc il dit que l’année passer il n’en avais pas non plus","Sylvain Laliberté 514-979-9208","","","","Nathalie Mora 514-984-6206","FALSE","","","","","","TRUE","FALSE","TRUE","maritime1@videotron.ca","","","","","FALSE","FALSE","TRUE","","","FALSE","","","","","","","","","","","",""
"Édifice","3270","TRUE","3164","FALSE","TRUE","3236","TRUE","TRUE","FALSE","42","  538 ","","1138-ET","Carmichael","3822, ave de Courtrai","Outremont","14 octobre","12h-17h","","H3S 1C1","","APRÈS LE 1ER AVRIL ET NE PAS FAIRE LES VENDREDIS","","If there is no choice we will take the 13th of May but not happily. We had originally requested that they be removed mid April every year.","A la demande du client nous avons remplacé les moulures","FAire attention à la réinstallation ces moulures sont bombées.","FALSE","","2","2","","","TRUE","FALSE","TRUE","bfahey@carmichael-eng.ca","","","","","FALSE","FALSE","TRUE","","","FALSE","","","","","","","","","","","",""
"Condo","3270","TRUE","3136","FALSE","TRUE","3192","TRUE","TRUE","FALSE","65","  962 ","","1234-ET","SDC du Boisé de la Colline","24, rue Bates","Outremont","14 octobre","7h-12h","","H2V 1A8","","Choucri Craissati 514-236-5515: stationnement OUI","","This is not good service.","surcharge 3 h installation (comme neuf) Installation presque neuf le gars il a modifié toute l’entrée et la mezzanine (toutes les tapis j’ai les modifier avec les changements ça me pris 6.30h seul )   COUPER DES TAPIS SUITE AUX RÉNOVATIONS (DOMINIC)","Nous allons rénover notre Hall d’entrée à partir du 13 mars 2023. Est-ce que vous pouvez venir au plus tard le 10 mars pour retirer les tapis et les entreposer ?","FALSE","","","10","","","TRUE","FALSE","TRUE","conseilbdc@gmail.com","","","","","FALSE","FALSE","TRUE","","","FALSE","","","","","","","","","","","",""
"Édifice médical","3270","TRUE","3136","FALSE","TRUE","3235","TRUE","TRUE","FALSE","50","  885 ","","1359-ET","CLSC Outremont","1271, rue Van Horne","Outremont","14 octobre","7h-12h","","","","Catherine Durand à la réception de la clinique.
Le code des portes est  1-3-4","","","","","","","","","","","TRUE","FALSE","TRUE","huguette.stpierre.dlm@ssss.gouv.qc.ca","","Entre 9h et 17h","","","","","TRUE","","","","","","","","","","","","","","",""
"Résidences","3270","TRUE","3164","FALSE","TRUE","3236","TRUE","TRUE","FALSE","257","  1 941 ","","1297-ET","Les verrières du Golf","2400, rue des Nations, Saint-Laurent","Montréal","15 octobre","7h-12h","","","","","","","","","","","","","","","TRUE","FALSE","TRUE","cse@lesverrieresdugolf.com","","","","","","","TRUE","","","","","","","","","","","","","","",""
"Commerce","3270","TRUE","","FALSE","FALSE","","FALSE","FALSE","FALSE","","  308 ","","10791-F","Dynatherm","4127, rue Cousens, Saint-Laurent","Richard Ross","15 octobre","12h-17h","","","","","","","","","","","","","","","TRUE","FALSE","TRUE","tbianco@dynatherm.ca","","","","","","","","","","","","","","","","","","","","","",""
"Condo","3270","TRUE","3136","FALSE","TRUE","3192","TRUE","TRUE","FALSE","","  2 095 ","","0812-ET","LE Sanctuaire,  phase 4","6111, du Boisé","Outremont","16 octobre","10,5-15","","H3S 1P1","","","","","","stationnement pour les entrepreneurs/visiteurs : Aimerait à la mi-avril soit un mercredi ou un jeudi.","FALSE","","2","3","","","TRUE","FALSE","TRUE","6111duboise@hotmail.ca","","18 oct Jan : J'ai nettoyé 3 petites taches évidentes avec du liquagel..l'état du reste des tapis ""acceptables "" mise à part quelques gommes . ","","","FALSE","FALSE","TRUE","","","FALSE","","","","","","","","","","","",""
"Condo","3270","TRUE","3136","FALSE","TRUE","3192","TRUE","TRUE","FALSE","","  1 325 ","","1061-ET","6000 Deacon","6000 ch. Deacon","Outremont","16 octobre","12h-17h","","H3S 2T9","","","","","Manque moulure ascenseur x 7","","","","","","","","TRUE","TRUE","TRUE","info@6000deacon.ca","","L’ascenseur I-J-K n’a pas pu être installé à cause qu’il était hors service.","","","FALSE","FALSE","TRUE","","","FALSE","","","","","","","","","","","",""
"Condo","3270","TRUE","3138","FALSE","TRUE","3235","TRUE","TRUE","FALSE","100","  4 626 ","","1306-ET","SDC 6150 du Boisé","6150 du Boisé","Outremont","16 octobre","7-17","","","","","","","","","FALSE","FALSE","","","FALSE","FALSE","TRUE","FALSE","TRUE","6150duboise@bellnet.ca","","FACTURE 4626pc +100pl moulures     même si 4410pc","","","FALSE","FALSE","TRUE","","","FALSE","","","","","","","","","","","",""
"Édifice","3279","TRUE","3132","FALSE","TRUE","3192","TRUE","TRUE","FALSE","","  669 ","","1245-ET","Héma-Québec","16 993 Transcanadienne ","Kirkland","17 octobre","12h-17h","","H4R 2W7","Manque tous les tapis sauf le #1","","","","","","FALSE","","","7","","","TRUE","FALSE","FALSE","Eric.Gervais@hema-quebec.qc.ca","","","","","FALSE","FALSE","TRUE","","","FALSE","","","","","","","","","","","",""
"Édifice","3279","TRUE","3176","FALSE","TRUE","3236","TRUE","TRUE","FALSE","","  584 ","","0909-ET","SFM","325, boul. Bouchard","Dorval","17 octobre","12h-17h","","H9S 1A9"," Manque tapis # 7 à #10 (vinyles)","Changement de dates , prevu le 18 avril mais fermé pour paques ","","","Manque tapis de garde robe #9 et #10 ","Je suis la personne responsable sur place, mais la réceptionniste (Tina Limosani) sera en mesure de répondre à vos question s’il y a lieu. Une carte d’accès n’est pas requise, la réceptionniste vous laissera entrer.","FALSE","","2","2","","","TRUE","FALSE","TRUE","steve.colpron@sfm.ca","","","","","FALSE","FALSE","TRUE","","","FALSE","","","","","","","","","","","",""
"Condo","3279","TRUE","3129","FALSE","TRUE","3186","TRUE","TRUE","FALSE","92","  558 ","","1186-ET","Bella Vista Phase I","3625, rue Jean-Gascon","Saint-Laurent","15 octobre","7h-12h","","H4R 0K6","manque tapis 7","1ere semaine d'avril au 12 avril ","","Commencer par le 3625","","","FALSE","","1","1","","","TRUE","TRUE","TRUE","bellavista3625@in.upperbee.com","","COMMENCER PAR CETTE ADRESSE, il y aura un tapis à couper lors de la réinstallation","","","FALSE","FALSE","TRUE","","","FALSE","","","","","","","","","","","",""
"Condo","3279","TRUE","3129","FALSE","TRUE","3186","TRUE","TRUE","FALSE","96","  642 ","","1185-ET","Bella Vista Phase II","3655, rue Jean Gascon","Saint-Laurent","15 octobre","7h-12h","","H4R 0K6","manque tapis 3","1ere semaine d'avril au 12 avril ","","","","","FALSE","","1","2","","","TRUE","FALSE","TRUE","jp@bv3655.ca","","","","","FALSE","FALSE","TRUE","","","FALSE","","","","","","","","","","","",""
"Édifice médical","3279","TRUE","3132","FALSE","TRUE","3192","TRUE","TRUE","FALSE","43","  265 ","","0786-ET","Clinique Uniderma","1575, boul. de l'Avenir","Laval","8 octobre","7h-12h","","H7S 2N5","tapis 1-3 suite 100 ","450 629-3375 sera sur place à partir de 7h","","***COMMENCER PAR LA CLINIQUE EN PREMIER LE 7 MAI***","","","FALSE","","1","1","","","TRUE","FALSE","TRUE","drejodoin@uniderma.ca","","","","","FALSE","FALSE","TRUE","","","FALSE","","","","","","","","","","","",""
"Résidences","3279","TRUE","3164","FALSE","TRUE","3236","TRUE","TRUE","FALSE","","  1 385 ","","1229-ET","Le Boréa","61 54e avenue Est","Blainville","6 octobre","7h-12h","","","manque tapis 3  2 ascenseurs ont été oubliées.","","","","Manque tapis ascenseur - Fait","André Laplante 450-508-8073","FALSE","","","","","","TRUE","FALSE","TRUE","cse@residenceborea.com","","","","","FALSE","FALSE","TRUE","","","FALSE","","","","","","","","","","","",""
"Édifice","3279","TRUE","3132","TRUE","TRUE","3192","TRUE","TRUE","FALSE","","  1 004 ","","1213-ET","Centre d'intégration Scolaire","8844, rue Notre-Dame Est","Montréal","10 octobre","7h-12h","","H1L 3M4","Manque tapis #4,5 et 7","Personne responsable sur place ou code d'accès : Sylvain Langlois 514-961-2176
Avons-nous accès à un stationnement oui","","","","","FALSE","","2","2","","","TRUE","FALSE","TRUE","ychouinard@cisi.qc.ca","","pas fait car personne sur place","","","FALSE","FALSE","TRUE","","","FALSE","","","","","","","","","","","",""
"Édifice","3279","TRUE","3176","FALSE","TRUE","3236","TRUE","TRUE","FALSE","","  2 689 ","","1355-ET"," Centre culturel NDG","6400 ave Monkland","Montréal","21 octobre","9h-12h","","","","A FAIRE","","","","","","","","","","","TRUE","FALSE","TRUE","irinel-maria.stingaciu@montreal.ca","","","","","","","TRUE","","","","","","","","","","","","","","",""
"Édifice médical","3279","TRUE","3176","FALSE","TRUE","3236","TRUE","TRUE","FALSE","","  1 597 ","","1350-ET","Orchard House","4176, boulevard Grand Montréal","Montréal","21 octobre","12h-17h","","","**Ajout de tapis dans sous-sol voir nouvelle installation ** ","","","","","","","","","","","","TRUE","FALSE","TRUE","yasmine@orchard-house.ca","","","","","","","TRUE","","","","","","","","","","","","","","",""
"Résidences","3279","TRUE","3136","FALSE","TRUE","3235","TRUE","TRUE","FALSE","121","  1 836 ","","1324-ET","Quartier Mont Saint-Hilaire","330, Honorious-Charbonneau","St-Hilaire","22 octobre","7h-12h","","","***tapis , 7, 8 et 8A laissés sur place sans installer à la demande du directeur Dominic car tapis sur tapis décolle toujours ****","Prendre une photo du tapis qui gondole dans le corridor qui mêne aux bureaux administratifs","","Ascenseur 3 pas enlevé travaux en cours","","","FALSE","FALSE","","","FALSE","FALSE","TRUE","FALSE","FALSE","dg@lequartiermontsainthilaire.com","","tapis 9, 10 , 11 et asc2 installés suite aux rénovations d'automne. Asc1 pas installé car toujours pas réparé depuis septembre. Les tapis et moulures étaient entreposés sur place, les moulures n'étaient plus là (moulures brunes) . Tapis asc1 laissé sur place pour que le concierge installe lui-même (dans local à déchets au ss)","","","FALSE","FALSE","TRUE","","","FALSE","","","","","","","","","","","",""
"Résidence","3279","TRUE","3129","FALSE","TRUE","3186","TRUE","TRUE","FALSE","23","  879 ","","1195-ET","Cloria Vallée du Richelieu","4305, chemin du Crépuscule","Beloeil","22 octobre","12h-17h","","J3G 0R2","","","","","Bonjour, je suis la personne ressource pour Cloria Vallée du Richelieu _ Normand St-Denis, vous pouvez aussi inscrire Mr. Philippe Turcotte 514-250-5456 au philippeturcotte@cloriacite.ca ,","787+92  -  louraymond@cloriacite.ca","FALSE","","2","2","","","TRUE","FALSE","FALSE","normandstdenis@cloriacite.ca","","","","","FALSE","FALSE","TRUE","","","FALSE","","","","","","","","","","","",""
"Résidences","3279","TRUE","3176","FALSE","TRUE","3236","TRUE","TRUE","FALSE","36","  1 260 ","","1362-ET","Cloria Beloeil","400, rue Serge Pépin"," Beloeil","22 octobre","7h-12h","","","","C'est parfait pour le 13 à 13h00, louis sera sur place pour vous accueillir, 438-498-7024, vous pourrez aussi au besoin, communiquez avec Philippe au 514-250-5456. _ PS SVP ne pas retiré le tapis du hall d'entré,(entre les deux portes) nous tenons à le conservé, vous pourrez discuté des formalités avec Philippe.","","","","","","","","","","","TRUE","FALSE","TRUE","normandstdenis@cloriacite.ca","","","","","","","TRUE","","","","","","","","","","","","","","",""
"Résidences","3279","TRUE","3129","FALSE","TRUE","3186","TRUE","TRUE","FALSE","","  1 154 ","","1209-ET","Résidence Vast (tapis pluie?)","300, rue de Murano","Sainte-Julie","22 octobre","12h-17h","","J3E 0C6","","1ere semaine d'avril","","120PC tapis pluie logo - Inclus dans le service depuis +sieurs années svp penser à facturer pour les années suivantes","","A FAIRE LE PLUS RAPIDEMENT POSSIBLE","FALSE","","2","2","","","TRUE","FALSE","TRUE","cse@residencevast.com","","","","","FALSE","FALSE","TRUE","","","FALSE","","","","","","","","","","","",""
"Condo","3279","TRUE","3136","FALSE","TRUE","3235","TRUE","TRUE","FALSE","50","  600 ","","0969-ET","Les Pignons sur le Fleuve","8065, rue St-Laurent","Brossard","23 octobre","7h-12h","","J4X 2A1","","","","","","Nos tapis d'hiver ont été enlevés aujourd'hui. Ils seront à remplacer à l'automne 2023 sauf celui de l'ascenseur qui est plus récent.    Le camion pourra se stationner devant la porte centrale le long du trottoir.","FALSE","","2","1","","","TRUE","FALSE","TRUE","administration2@immoplex.com;yvanjulien@sympatico.ca","","","","","FALSE","FALSE","TRUE","","","FALSE","","","","","","","","","","","",""
"Édifice médical","3279","TRUE","3138","FALSE","TRUE","3236","TRUE","TRUE","FALSE","57","  1 077 ","","1239-ET","CHSLD Dr. Chevrier","700, rue Docteur Chevrier","Saint-Lambert","23 octobre","12h-17h","","","","À la demande du nouveau responsable Bruno forget, les tapis escaliers A et B laissés sur place et ne feront plus partie du contrat. Total 60 pieds carré en moins","","","","Si vous venez tôt plus facile de trouver un stationnement.","FALSE","","","","","","TRUE","FALSE","TRUE","maintenancechsldstlambert@ls4.ca","","","","","FALSE","FALSE","TRUE","","","FALSE","","","","","","","","","","","",""
"","3279","TRUE","3138","FALSE","TRUE","3235","TRUE","TRUE","FALSE","16","  190 ","","1268-ET","Héma-Québec","7, place du Commerce"," Brossard","23 octobre","12h-17h","","","","","","","","","","","","","","","TRUE","FALSE","FALSE","Eric.Gervais@hema-quebec.qc.ca","","","","","","","TRUE","","","","","","","","","","","","","","",""
"","3279","TRUE","3138","FALSE","TRUE","3235","TRUE","TRUE","FALSE","75","  387 ","","1267-ET","Globule DIX30","1520, ave des Lumières local 15,"," Brossard","23 octobre","12h-17h","","","","","","","","","","","","","","","TRUE","FALSE","TRUE","Eric.Gervais@hema-quebec.qc.ca","","","","","","","TRUE","","","","","","","","","","","","","","",""
"Commerce","3279","TRUE","3129","FALSE","TRUE","3186","TRUE","TRUE","FALSE","","  910 ","","1315-ET","CPE Pierre-Boucher","1200 du Tremblay","Longueuil","24 octobre","7h-12h","","","","","","À FAIRE, LE CLIENT A DEMANDÉ LE SERVICE À L'ACHAT DE CES TAPIS","","","FALSE","FALSE","","","FALSE","FALSE","TRUE","FALSE","FALSE","Jacynthe.Dagenais@cpepierreboucher.com","","","","","FALSE","FALSE","TRUE","","","FALSE","","","","","","","","","","","",""
"Commerce","3279","TRUE","3129","FALSE","TRUE","3186","TRUE","TRUE","FALSE","16","  734 ","","1315-ET","CPE Pierre-Boucher","1450 Curé-Poirier E","Longueuil","24 octobre","7h-12h","","","","","","","","","FALSE","FALSE","","","FALSE","FALSE","TRUE","FALSE","FALSE","Jacynthe.Dagenais@cpepierreboucher.com","","","","","FALSE","FALSE","FALSE","","","FALSE","","","","","","","","","","","",""
"","3279","TRUE","3129","FALSE","TRUE","3186","TRUE","TRUE","FALSE","","  341 ","","1287-ET","Édifice à bureaux (Expos)","2265, Fernand-Lafontaine","Longueuil","24 octobre","12h-17h","","J4G 2R8","","","","","","","","","","","","","TRUE","FALSE","TRUE","gcote@prio.ca","","","","","FALSE","FALSE","TRUE","","","FALSE","","","","","","","","","","","",""
"Édifice","3279","TRUE","","FALSE","TRUE","","FALSE","TRUE","TRUE","","  394 ","","0782-ET","Bernard et Brassard #300 *tape vert* ","2265, boul. Fernand-Lafontaine","Longueuil","24 octobre","12h-17h","","J4G 2R8","","NE PAS FACTURER LE CLIENT POUR LE PLANCHER DE BOIS ABÎMER","","La cliente demande à ce qu’il y ai toujours du tape vert où il y a le plancher de bois, puisque sinon ça enlève la pellicule de protection transparente sur le bois.","","Il est à noter que nous avons des tapis à retirer sur les 2 étages (3e et 4e) de nos bureaux et qu’il ne faudrait pas oublier cette année de retirer le tapis qui se trouve dans le vestiaire du 4e étage. - Geneviève PIcard 450-321-0257","FALSE","","1","1","","","TRUE","FALSE","TRUE","Gpicard@bernard-brassard.com","","","","","FALSE","FALSE","TRUE","","","FALSE","","","","","","","","","","","",""
"Commerce","3279","TRUE","3129","FALSE","TRUE","3186","TRUE","TRUE","FALSE","12","  754 ","","1315-ET","CPE Pierre-Boucher","2070 rue Marie-Victorin","Longueuil","24 octobre","12h-17h","","","","","","","","","FALSE","FALSE","","","FALSE","FALSE","TRUE","FALSE","FALSE","Jacynthe.Dagenais@cpepierreboucher.com","","***2070 boulevard Marie victorin Longueuil pas fait car à l'agenda c'était 2070 rue Marie Victorien , Saint Bruno de Montar ville.. Je me suis rendu pour rien****","","","FALSE","FALSE","TRUE","","","FALSE","","","","","","","","","","","",""
"Bureau","3279","TRUE","3132","FALSE","TRUE","3236","TRUE","","FALSE","20","  528 ","","1328-ET","KOTV","300, Place Charles-Lemoyne, bureau 200","Longueuil","24 octobre","12h-17h","","","","Au 1245 Bleury vous pouvez vous stationner dans la cour intérieure.","","","","","FALSE","","2","2","","","TRUE","FALSE","TRUE","imartin@kotv.ca","","","","","FALSE","FALSE","TRUE","","","FALSE","","","","","","","","","","","",""
"Condo","3279","TRUE","3136","FALSE","TRUE","3235","TRUE","TRUE","FALSE","20","  535 ","","1003-ET","Promenade du Parc","1920, rue Adoncour","Longueuil","24 octobre","7h-12h","","J4N 1T4","","André Bissonnette 450-649-0648 ou Denise Leroux 514-795-4064","","","Il manque un tapis d’hiver du côté sud de l’immeuble","Le stationnement est disponible en face des portes principales de l’immeuble","FALSE","","2","1","","","TRUE","FALSE","TRUE","lespromenadesduparc@laucandrique.net","","","","","FALSE","FALSE","TRUE","","","FALSE","","","","","","","","","","","",""
"Édifice","3279","TRUE","3122","FALSE","TRUE","3186","TRUE","TRUE","FALSE","350","","5877","1308-ET","Manuvie","900 de Maisonneuve O","Montréal","26 octobre","7h17h","",""," OK fait _ Agent de sécurité à pris des photos et envoyés au gestionnaire, je suis resté jusqu'à ce que le gestionnaire dise que c'est ok","Il a planifié l'entretien ménager ","","","","","FALSE","FALSE","","","FALSE","FALSE","TRUE","FALSE","TRUE","sylvain.cote@jll.com","","J’ai utiliser 5pied de moulure après la première réparation je me suis servie du morceau que j’ai couper pour réparer les autre et il manquait une moulure devans l’asc h que j’ai rajouterJan : ****Manque ascenseur E . Selon Alex tapis pas à l'entrepôt . Est-ce que lorsque l'installation initial l'ascenseur était hors d'usage donc jamais été installé à neuf ? ****J’ai utiliser 5pied de moulure après la première réparation je me suis servie du morceau que j’ai couper pour réparer les autre et il manquait une moulure devans l’asc h que j’ai rajouter","","","FALSE","FALSE","TRUE","","","FALSE","","","","","","","","","","","",""
"","","","","","","","","","","1027","  20 972 ","  5 877 ","","","","","","","","","","","","","","","","","","","","","","","","","","","","","","","","","","","","","","","","","","","","","",""
"","3290","TRUE","3138","FALSE","TRUE","3235","TRUE","TRUE","FALSE","85","  2 598 ","","1178-ET","6300 ave du Parc","6300 ave du Parc","Outremont","28 octobre","7h-12h","","","","Personne responsable sur place ou code d'accès  Lafleche Tougas 514-928.0577
Avons-nous accès à un stationnement  oui","","","","","","","","","","","TRUE","FALSE","TRUE","lbeaulieu@Alliedreit.com","","","","","","","TRUE","","","","","","","","","","","","","","",""
"Édifice","3290","TRUE","3136","FALSE","TRUE","3192","TRUE","TRUE","FALSE","250","  1 436 ","","0743-ET","Collège Stanislas","780, ave Dollard","Outremont","28 octobre","12h-17h","","H2V 3G5","","CONGÉS DU 21 AU 28 AVRIL - Le tapis de l'entrée McEachcran sera jeté par le collège Personne responsable : Nicholas Goodman 438-520-4328
Il y a un stationnement côté parc de la rue Van Horne, au bout des bâtiments.","","Tapis de l'entrée McEachran","* manque tapis entrée MC eachran, n'est pas sur les plans, je crois que c'est une nouvelle installation..","DERNIÈRE SEMAINE D'AVRIL IL N'Y A PAS D'ÉLÈVES","FALSE","","2","4","","","TRUE","FALSE","TRUE","sylvie.marie@stanislas.qc.ca","","","","","FALSE","FALSE","TRUE","","","FALSE","","","","","","","","","","","",""
"Édifice","3290","TRUE","3132","FALSE","TRUE","3236","TRUE","","FALSE","","  1 923 ","","1189-ET","Musée Pointe-à-Callière","350, Place Royale","Montréal","29 octobre","17h-22h","","H2Y 3Y5","","Pas de nettoyage de tapis: Stationnement la rue de la commune livraison
Personne responsable Suleyman (demandez à la sécurité)","","","","Diminué PC pour retrait et nettoyage déja fait : tout l'éperon (sont roulés et numérotés) 1923pc originalement  Sur la rue de la Commune (place de livraison quoi de chargement, à côté de l’édifice L’éperon)","FALSE","","2","3","","","TRUE","FALSE","TRUE","Isabelle.Vermette@gdi.com","","","","","FALSE","FALSE","FALSE","","","FALSE","","","","","","","","","","","",""
"Édifice","3290","TRUE","3132","FALSE","TRUE","3192","TRUE","TRUE","FALSE","6","  765 ","","1311-ET","Caserne place d'Youville","335 Place d'Youville","Montréal","29 octobre","17h-22h","","","","","","OUI - Peux-tu le faire en même temps que le musée ?","","","FALSE","FALSE","","","FALSE","FALSE","TRUE","FALSE","TRUE","Sandra.Lopez@gdi.com; Francisco.Meneses@gdi.com","","","","","FALSE","FALSE","TRUE","","","FALSE","","","","","","","","","","","",""
"","3290","TRUE","3187","FALSE","TRUE","3236","TRUE","TRUE","FALSE","70","  1 587 ","","1366-ET","Pôle Ste-Catherine","6080, Place des Cageux, Sainte-Catherine (rue Léo)","","30 octobre","12h-17h","","","","","","","","","","","","","","","TRUE","FALSE","FALSE","PatrickGuilbault@cloriacite.ca","","","","","","","TRUE","","","","","","","","","","","","","","",""
"Édifice","3290","TRUE","3129","FALSE","TRUE","3186","TRUE","TRUE","FALSE","36","  3 418 ","","1274-ET","Allied - 1010 Sherbrooke Est","1010 Sherbrooke Est","Montréal","31 octobre","17h-22h","","H3A 2R7","","","","","Pas pu installer ascenseur 9 hors d'usage","","","","","","","","TRUE","FALSE","TRUE","bdurand@alliedreit.com","","","","","FALSE","FALSE","TRUE","","","FALSE","","","","","","","","","","","",""
"Condo","3305","TRUE","3138","FALSE","TRUE","3235","TRUE","TRUE","FALSE","","  814 ","","1294-ET","Les Cours d'Outremont","970, ave McEachran","Outremont","14 octobre","7h-12h","","","Selon l'administration Paul Hogue, il a demandé à ce que l'installation soit remise en Novembre car au sous-sol ils vont changer la céramique et l'ascenseur est hors service....RDC installé à 100% , nous devrons retourner en novembre pour installer tapis #11 (s-sol) et tapis ascenseur.","Code boit à clefs : 2029","","","PAYÉ","La personne qui peut vous donner les accès est Madame BOSSE (514) 824-6163.
Est-ce que tu peux le faire en même temps que Northcrest la semaine prochaine ? Annie Bonnard 514-564-2200","","","","","","","TRUE","FALSE","TRUE","Tour Deloitteafot","","","","","FALSE","FALSE","TRUE","","","FALSE","","","","","","","","","","","",""
"Bureau","3305","TRUE","3132","FALSE","TRUE","3192","TRUE","TRUE","FALSE","300","  4 565 ","","1351-F","Édifice Le Windsor (RDC + SS)","1170, rue Peel","Montréal","2 novembre","12h-22h","","","","SVP communiquer avec la sécurité au 514-917-5139 à votre arrivéeDeux cases du stationnement intérieur seront mises à disposition pour la récupération des tapis.
Hauteur MAXIMALE 6’9’’","","","","","","","","","","","TRUE","FALSE","TRUE","roxanne.szabo@bgo.com","","","","","","","FALSE","","","","","","","","","","","","","","",""
"","3305","TRUE","","FALSE","FALSE","","FALSE","FALSE","FALSE","","  1 625 ","","1351-F","Édifice Le Windsor (étages)","1170, rue Peel","Montréal","2 novembre","12h-22h","","","","","","","","","FALSE","","","","","","TRUE","FALSE","TRUE","roxanne.szabo@bgo.com","","","","","FALSE","FALSE","FALSE","","","FALSE","","","","","","","","","","","",""
"Édifice","3305","TRUE","3138","FALSE","TRUE","3236","TRUE","","FALSE","","  770 ","","1349-ET","Allied- Édifice 3510 St-Laurent","3510 boul. St-Laurent","Montréal","5 novembre","12h-17h","","","","","","","","","","","","","","","TRUE","FALSE","TRUE","lbeaulieu@alliedreit.com","","","","","","","TRUE","","","","","","","","","","","","","","",""
"Édifice","3305","TRUE","3138","FALSE","TRUE","3236","TRUE","TRUE","FALSE","","  917 ","","1348-ET","Allied - Édifice 3530 St-Laurent","3530 boul. St-Laurent","Montréal","5 novembre","12h-17h","","","Pas pu installer une partie du ss2 au 3530 obstrué , voir photo. Client avisé que ce sera en décembre","","","","","","","","","","","","TRUE","FALSE","TRUE","lbeaulieu@alliedreit.com","","","","","","","TRUE","","","","","","","","","","","","","","",""
"Édifice","3305","TRUE","3138","FALSE","TRUE","3235","TRUE","TRUE","FALSE","70","  1 869 ","","1360-ET","Édifice 5445 de Gaspé","5445 de Gaspé, Montréal","Outremont","5 novembre","17h-22h","","","","","","","","","","","","","","","TRUE","TRUE","TRUE","pbeauchamp@Alliedreit.com","","","","","","","TRUE","","","","","","","","","","","","","","",""
"Édifice","3305","TRUE","3138","FALSE","TRUE","3235","TRUE","TRUE","FALSE","90","  1 902 ","","1361-ET","Édifice 5455 de Gaspé","5455 de Gaspé, Montréal","Outremont","5 novembre","17h-22h","","","Pas pu installer asc1 car hors d'usage","","","","","","","","","","","","TRUE","TRUE","TRUE","pbeauchamp@Alliedreit.com","","","","","","","TRUE","","","","","","","","","","","","","","",""
"Résidences","3305","TRUE","3138","FALSE","TRUE","3236","TRUE","TRUE","FALSE","220","  2 335 ","","0955-ET","Résidence LE22","4400, rue Jean-Talon Est","Montréal","6 novembre","12h-17h","Nathalie","H1S 0C5","","Personne responsable : Nathalie GagnonStationnement : oui : 438-403-1760","","","Manque tapis #10, gros tapis beige sans nom à l'entrepôt. Attendre avant de planifier l'installation, le client va appeler solatech car nous n'allons peut-être pas installer..le tapis est très usé et nuis au personnel de la cuisine","Si camion pas trop gros, possibilité d’une place a l’intérieur sinon, devant la Résidence.  -  Michel Joncas 514-372-3838","FALSE","","","","","","TRUE","FALSE","TRUE","cse@residencele22.com","","","","","FALSE","FALSE","TRUE","","","FALSE","","","","","","","","","","","",""
"Édifice","3305","TRUE","3132","FALSE","TRUE","3192","TRUE","TRUE","FALSE","","  570 ","","1330-ET","Académie de Danse de Montréal","8265 Boul. Langelier","St-Léonard","6 novembre","12h-17h","","","","Melanie Hattem will be on location,Yes there is parking ","","","","","FALSE","FALSE","","","FALSE","FALSE","TRUE","FALSE","FALSE","jeffdichter1@gmail.com","","**manque tapis #2 et #6 (était sur feuille mais pas dans rouleau. Voir photos. Tapis #5 trop court (devrait avoir deuxième morceaux mais pas sur plan . Manque environ 7 pieds. Tapis 2A j'ai laissé à l'entrepôt car mini tapis besoin du #2 pour installer ***  IL FAUT APPELER LE CLIENT AVANT DE PASSER PARCE QUE L'HORAIRE N'EST PAS FIXE.","","","FALSE","FALSE","TRUE","","","FALSE","","","","","","","","","","","",""
"Édifice","3305","TRUE","3129","FALSE","TRUE","3186","TRUE","TRUE","FALSE","21","  1 030 ","","1320-ET","WADA","800 du Square Victoria, 16e et 17e étages","Montréal","7 novembre","12h-17h","","","20 pieds linéaire de moulures utilisé","","","C'est confirmer avec le client par téléphone","","","FALSE","FALSE","","","FALSE","FALSE","TRUE","FALSE","TRUE","Stephanie.Constantin@wada-ama.org","","plancher blanc a faire plus tôt dans la saison","","","FALSE","FALSE","TRUE","","","FALSE","","","","","","","","","","","",""
"Édifice","3305","TRUE","3129","FALSE","TRUE","3186","TRUE","TRUE","FALSE","","  1 036 ","","1304-ET","Clinique Quatuor MD - 27e étage","800 rue du Square Victoria","Montréal","7 novembre","12h-17h","","","Moulures inutilisables, ajout de 30 pieds Moulures neuves","Furna à la réception","","","","","FALSE","FALSE","","","FALSE","FALSE","TRUE","FALSE","TRUE","thomasg@quatuormd.com","","","","","FALSE","FALSE","TRUE","","","FALSE","","","","","","","","","","","",""
"Édifice","3305","TRUE","3129","FALSE","TRUE","3192","TRUE","TRUE","FALSE","330","  13 745 ","1192","1312-ET","Place Victoria (tapis d'hiver)","800, rue du Square Victoria","Montré","","12h-22h","","","07 nov 17h-22h      08 nov 12h-22h","","","","","","FALSE","FALSE","","","FALSE","FALSE","TRUE","FALSE","TRUE","jtousignant@groupepetra.com","","","","","FALSE","FALSE","TRUE","","","FALSE","","","","","","","","","","","",""
"Édifice","3305","TRUE","3129","FALSE","TRUE","3186","TRUE","TRUE","TRUE","459","  4 103 ","","1180-ET","Allied - Viger *tape vert* ","425, Viger Ouest","Montréal","9 novembre","12h-22h","","H2Y 3Y7","****moulures pleines de colle et sèches.  J'ai utilisé les parties encore utilisables pour installer aux endroits sécuritaires,  aucune moulures neuves utilisé ****","ajout laize centrale +918Pc ","","","Client veut soumission pour 6 tapis d'ascenseur et logo","","FALSE","","2","5","","","TRUE","TRUE","TRUE","jcampbell@alliedreit.com","","","","","FALSE","FALSE","TRUE","","","FALSE","","","","","","","","","","","",""
"Édifice","3305","TRUE","3122","FALSE","TRUE","3186","TRUE","TRUE","FALSE","35","  4 469 ","","1313-ET","Le Nordelec","1751, rue Richardson","","1 novembre","12h-22h","","","","***NE PAS ENLEVER LES TAPIS D'ASCENSEURS A-B ET F-G","","TOUTES LES TAPIS D'HIVER SUR PLACE","","","FALSE","FALSE","","","FALSE","FALSE","TRUE","FALSE","TRUE","dmartos@alliedreit.com","","pas pu vérifier ascenseur D car hors service","","","FALSE","FALSE","TRUE","","","FALSE","","","","","","","","","","","",""
"","","","","","","","","","","1525","  39 750 ","1192","","","","","","","","","","","","","","","","","","","","","","","","","","","","","","","","","","","","","","","","","","","","","",""
"Édifice médical","3324","TRUE","3129","FALSE","TRUE","3186","TRUE","TRUE","FALSE","","  295 ","","1270-ET","Héma-Québec","7, boul. des Promenades","St-Bruno","11 novembre","12h-17h","","J3V 5J5","","","","NE PAS JETER LES TAPIS, ILS SONT NEUFS","","","","","","","","","TRUE","FALSE","FALSE","Eric.Gervais@hema-quebec.qc.ca",""," Les tapis de l'aile gauche pas installés cause rénovation ainsi que les ascenseur 1 et 2 - Nous avons laisser les tapis sur place + tape à la demande du concierge.- 5631pc pas bon feuille de pose neuf 5654+200pl moulures","","","FALSE","FALSE","TRUE","","","FALSE","","","","","","","","","","","",""
"Édifice","3324","TRUE","3136","FALSE","TRUE","3235","TRUE","TRUE","FALSE","","  4 300 ","","1103-ET","Agence Spaciale  Canadienne","6767. route de l'aéroport","Saint-Hubert","11 novembre","15h-22h","","J3Y 8Y9","","","","SOUMETTRE LE NOMS DES EMPLOYÉS QUI FERONT L'ENLÈVEMENT DES TAPIS UNE SEMAINE AVANT LA DATE","","","FALSE","","3","5","","","TRUE","FALSE","TRUE","Benoit.Hache@asc-csa.gc.ca;mathieu.gamache@asc-csa.gc.ca","","","","","FALSE","FALSE","TRUE","","","FALSE","","","","","","","","","","","",""
"Édifice médical","3324","TRUE","3164","FALSE","TRUE","3236","TRUE","TRUE","FALSE","260","  1 193 ","","1264-ET","Héma-Québec","4300, rue Garand, Saint-Laurent","Montréal","12 novembre","12h-17h","","","Pas fait , le contact Éric Gervais n'a pas reçu le courriel pour date d'installation, il doit être avisé une semaine d'avance au moins","","","","","","","","","","","","TRUE","FALSE","FALSE","Eric.Gervais@hema-quebec.qc.ca","","","","","","","TRUE","","","","","","","","","","","","","","",""
"Édifice","3324","TRUE","3138","FALSE","TRUE","","FALSE","FALSE","FALSE","200","  5 654 ","","1309-ET","upa longeuil ","555, boul. Rolan-Therrien","Longueuil","12 novembre","15h-22h","","","","","","","","","FALSE","FALSE","","","FALSE","FALSE","TRUE","FALSE","TRUE","hcharbonneau@upa.qc.ca","","","","","FALSE","FALSE","TRUE","","","FALSE","","","","","","","","","","","",""
"Édifice","3324","TRUE","3122","FALSE","TRUE","3186","TRUE","TRUE","FALSE","16","  895 ","","1243-ET","Allied Properties","755, rue Berri","Montréal","14 novembre","12h-17h","","H2Y 3Y7","","il faut rajouter le 268pc à l’adresse du 755 Berri  (nouvelle quantité 895pc)","","","","","FALSE","","","5","","","TRUE","FALSE","TRUE","dbai@alliedreit.com","","","","","FALSE","FALSE","FALSE","","","FALSE","","","","","","","","","","","",""
"Édifice","3324","TRUE","3122","FALSE","TRUE","3186","TRUE","TRUE","FALSE","115","  2 077 ","","1316-ET","Novartis ","700 rue St-Hubert, Montréal","","14 novembre","12h-17h","","","","","","","","","FALSE","FALSE","","","FALSE","FALSE","TRUE","FALSE","TRUE","michel.guerin@novartis.com","","manquait tapis #9 et #11 (sur les feuilles mais pas dans rouleaux , à trouver dans l'entrepôt) donc tapis #10 pas installé car entre les deux, #10 entreposé sur place selon directive du client, voir photo","","","FALSE","FALSE","TRUE","","","FALSE","","","","","","","","","","","",""
"Édifice","3324","TRUE","3122","FALSE","TRUE","3186","TRUE","TRUE","FALSE","","  1 246 ","","1317-ET","Allied - 700 rue St-Hubert","700 rue St-Hubert","Montréal","14 novembre","12h-17h","","","","","","","","","FALSE","FALSE","","","FALSE","FALSE","TRUE","FALSE","TRUE","dbai@alliedreit.com","","pas pu installer le 2ieme étage (pas de contact, pas d'accès sans puce ni par les escaliers) Tapis à l'entrepôt.","","","FALSE","FALSE","TRUE","","","FALSE","","","","","","","","","","","",""
"","","","","","","","","","","591","  15 660 ","0","","","","","","","","","","","","","","","","","","","","","","","","","","","","","","","","","","","","","","","","","","","","","",""
"Édifice médical","3332","TRUE","3132","FALSE","TRUE","3192","TRUE","TRUE","FALSE","","  530 ","","0981-ET","Traditours","1575, de l'Avenir","Laval","8 octobre","7h-12h","","H7S 2N5","","","","","","","FALSE","","1","1","","","TRUE","FALSE","FALSE","info@traditours.com","","","","","FALSE","FALSE","TRUE","","","FALSE","","","","","","","","","","","",""
"Condo","3332","TRUE","3136","FALSE","TRUE","3235","TRUE","TRUE","FALSE","15","  1 023 ","","1357-ET","Le Maestria Tour B","1210, rue Jeanne-Mance, Montréal","Montréal","18 novembre","12h-17h","","À la demande du gestionnaire, le tapis asc9 va être installé dans ascenseur10","","Au 1210, vous pouvez vous stationner en face s’il y a de la place ou au débarcadère à l’arrière. Juste demandé au portier de vous guider.","","","","","","","","","","","TRUE","FALSE","TRUE","antoine.portelance@solutioncondo.com","","","","","","","TRUE","","","","","","","","","","","","","","",""
"Commerce","3332","TRUE","3132","FALSE","TRUE","3192","TRUE","TRUE","FALSE","30","  1 235 ","","1319-ET","Club MAA","2070, rue Peel","Montréal","19 novembre","12h-17h","","","","Si possible, semaine du 7 avril entre 8h et 11h","","AJOUT POUR LE SERVICE D'ENTRETIEN(si possible sermaine du 15 avril)","","","","","","","","","TRUE","FALSE","TRUE","dabreu@clubsportifmaa.com;pblanchet@clubsportifmaa.com","","À FAIRE ENTRE 8h00 et 10h30","","","FALSE","FALSE","TRUE","","","FALSE","","","","","","","","","","","",""
"","3332","TRUE","3129","FALSE","TRUE","3186","TRUE","TRUE","FALSE","50","  852 ","","1346-ET","Le Gastby","1200 rue Drummond","Montréal","19 novembre","12h-17h","","","","","","","","","","","","","","","TRUE","FALSE","FALSE","catherine.goulet@solutioncondo.com, francesca.vanspall@solutioncondo.com","","","","","","","","","","","","","","","","","","","","","",""
"Condo","3332","TRUE","3176","TRUE","TRUE","3236","TRUE","TRUE","TRUE","96","  1 738 ","","1318-ET","7227 boul. Newman SDC ","7227 boul. Newman","","20 novembre","12h-17h","","","","","","","","","TRUE","TRUE","","","TRUE","TRUE","TRUE","TRUE","TRUE","lenewman@gestionbrt.com","","14/05/2025:  Il veut une date de réinstallation le 1er novembre 2025","","","TRUE","TRUE","TRUE","","","TRUE","","","","","","","","","","","",""
"Condo","3332","TRUE","3164","FALSE","TRUE","3236","TRUE","TRUE","FALSE","10","  833 ","","1276-ET","SDC 1800 Angrignon","1800 Angrignon","Montréal","20 novembre","12h-17h","","H8N 0B8","APPORTER UN TAPIS DE 4' x 12' AJOUT","514 922 6174. appeler Michel pour le code","","","","Vous pouvez avoir accès à un stationnement extérieur","","","","","","","TRUE","FALSE","TRUE","minacio@immoplex.com","","","","","FALSE","FALSE","TRUE","","","FALSE","","","","","","","","","","","",""
"Édifice","3332","TRUE","3122","FALSE","TRUE","3186","TRUE","TRUE","FALSE","","  3 203 ","","1201-ET","Usine Atwater","999, rue Dupuis","Verdun","21 novembre","12-17 h","","H4G 3L4","pas ete en mesure de le faire , nous n'avons pas eu la permission de la sécurité","Remplir le formulaire demande d'autorisation d'accès du Site - OBLIGATOIRE","","","Manque tapis porte 28 #1 (long tapis de vinyle 50 pieds )","À FAIRE ENTRE LE 17 ET 28 AVRIL","FALSE","","2","4","","","TRUE","TRUE","TRUE","patrick.vallee@montreal.ca","","","","","FALSE","FALSE","TRUE","","","FALSE","","","","","","","","","","","",""
"Édifice","3332","TRUE","3164","FALSE","TRUE","","FALSE","FALSE","FALSE","50","  640 ","","1347-ET","Édifice SunLife  21e étage","1155, rue Metcalfe","Montréal","14 novembre","17h-22h","","","","","","","Correction d’installation de tapis dans le lobby au 21e étage – le tapis de gauche semble avoir été mis à l’envers de 180 degrés – les deux sections ne sont pas de la même couleur cette année","","FALSE","","","4","","","TRUE","FALSE","TRUE","Lucie.Richard@bentallgreenoak.com","","","","","FALSE","FALSE","TRUE","","","FALSE","","","","","","","","","","","",""
"Édifice","3332","TRUE","3164","FALSE","TRUE","","FALSE","FALSE","FALSE","","  2 140 ","","1347-ET","Édifice SunLife 7e,  8e, 9e, 23,","1155, rue Metcalfe","Montréal","14 novembre","17h-22h","","","","","","","Correction d’installation de tapis dans le lobby au 21e étage – le tapis de gauche semble avoir été mis à l’envers de 180 degrés – les deux sections ne sont pas de la même couleur cette année","","FALSE","","","4","","","TRUE","FALSE","TRUE","Lucie.Richard@bentallgreenoak.com","","","","","FALSE","FALSE","FALSE","","","FALSE","","","","","","","","","","","",""
"","3332","TRUE","3164","FALSE","TRUE","3236","TRUE","TRUE","FALSE","20","  420 ","","1363-ET","Banque Financière Montréal","1155, rue Metcalfe","Montréal","15 novembre","17h-22h","","","","","","","","","FALSE","","","","","","TRUE","FALSE","TRUE","lucie.richard@bgo.com","","","","","FALSE","FALSE","FALSE","","","FALSE","","","","","","","","","","","",""
"Édifice","3332","TRUE","3136","FALSE","TRUE","3235","TRUE","TRUE","FALSE","120","  11 857 ","","1347-ET","Edifice SunLife (RDC)","1155, rue Metcalfe, Montréal","Montréal","15 novembre","12h-22h","","","","NETTOYAGE ET ENTREPOSAGE DU RDC SEULEMENT","","","","","","","","","","","TRUE","FALSE","TRUE","lucie.richard@bgo.com","","","","","","","","","","FALSE","","","","","","","","","","","",""
"Commerce","3332","TRUE","","","","","","","FALSE","","  1 981 ","","1068-ET","Banque de Montréal","129, St-Jacques O","","21 novembre","17h-22h","","","","","","","","","FALSE","","","","","","TRUE","FALSE","FALSE","Vincent.Blais@bgis.com;Julie.Lachapelle@bgis.com","","","","","","","","","","TRUE","","","","","","","","","","","",""
"","","","","","","","","","","391","  26 452 ","0","","","","","","","","","","","","","","","","","","","","","","","","","","","","","","","","","","FALSE","","","","","","","","","","","",""
"Commerce","3342","TRUE","","","","","","","TRUE","","  2 126 ","","1070-ET","BMO ","119, St- Jacques O","Montréal","21 novembre","17h-22h","","","","","","","","","FALSE","","","","","","TRUE","FALSE","FALSE","Vincent.Blais@bgis.com;Julie.Lachapelle@bgis.com","","","","","","","","","","FALSE","","","","","","","","","","","",""
"Résidences","3342","TRUE","3129","FALSE","TRUE","3186","TRUE","TRUE","FALSE","50","  760 ","","1314-ET","Cloria cité","3475, Montée Gagnon","Terrebonne","24 novembre","7h-12h","","","","","","AJOUT POUR LE SERVICE D'ENTRETIEN ","","","","FALSE","","","","","TRUE","FALSE","FALSE","nancycanuel@cloriacite.ca","","","","","FALSE","FALSE","TRUE","","","FALSE","","","","","","","","","","","",""
"Condo","3342","TRUE","3176","FALSE","TRUE","3236","TRUE","TRUE","FALSE","","  630 ","","1283-ET","SDC La Tannerie","680 de Courcelle","Montréal","24 novembre","7h-12h","","","","CODE D'ACCÈS:  01723","","","","","","","","","","","TRUE","FALSE","TRUE","SyndicatTannerie@in.condoweb.app;Gestion.lefite@in.condoweb.app","","","","","FALSE","FALSE","TRUE","","","FALSE","","","","","","","","","","","",""
"","3342","TRUE","3187","FALSE","TRUE","3236","TRUE","TRUE","FALSE","","  426 ","","1365-ET","Edelman","4446, boul. St-Laurent, suite 501","Montréal","25 novembre","7h-12h","","","","","","","","","","","","","","","TRUE","FALSE","TRUE","Sylvie.Mota@edelman.com","","","","","","","TRUE","","","","","","","","","","","","","","",""
"Condo","3342","TRUE","3136","FALSE","TRUE","3235","TRUE","TRUE","FALSE","","  183 ","","1358-ET","Copropriété 4647 Coloniale","4647 rue Coloniale","Montréal","25 novembre","12h-17h","","","","Il faut sonner au numéro 204 qui vous ouvrira. (adresse de l'immeuble 4647 av coloniale, Montreal, H2t1W1)
Nous n’avons pas de stationnement, c’est dans la rue directement.","","","","","","","","","","","TRUE","FALSE","TRUE","copro4647coloniale@gmail.com","","","","","","","TRUE","","","","","","","","","","","","","","",""
"Édifice","3342","TRUE","3164","FALSE","TRUE","3236","TRUE","TRUE","FALSE","34","  1 263 ","","1233-ET","Sunwing","3105 Place Louis R-Renaud","Laval","26 novembre","9-10,5","","H7V 0A3","","","","Ajout entrée arrière 360,8 + 903","Manque 4 tapis  = fait","","FALSE","","","8","","","TRUE","FALSE","TRUE","juliench06@gmail.com","","ajout déc 2023 - entrée arrière 360pc (360+903)","","","FALSE","FALSE","TRUE","","","FALSE","","","","","","","","","","","",""
"Édifice","3342","TRUE","3164","FALSE","TRUE","3236","TRUE","TRUE","FALSE","","  849 ","","1232-ET","Vacances Sunwing","3105 Place Louis R-Renaud","Laval","26 novembre","10,5-12","","H7V 0A3","","","","","","","FALSE","","","8","","","TRUE","FALSE","TRUE","juliench06@gmail.com","","","","","FALSE","FALSE","TRUE","","","FALSE","","","","","","","","","","","",""
"Édifice","3342","TRUE","3122","FALSE","TRUE","3186","TRUE","TRUE","FALSE","","  891 ","","1181-ET","Ville de Montréal","3705, rue Saint-Patrick","Montréal","26 novembre","14-15h","","H4E 1A1","","Remplir le formulaire demande d'autorisation d'accès du Site - OBLIGATOIRE","","","","À FAIRE ENTRE LE 17 ET 28 AVRIL","FALSE","","2","2","","","TRUE","","FALSE","patrick.vallee@montreal.ca","","","","","FALSE","FALSE","TRUE","","","FALSE","","","","","","","","","","","",""
"","3342","TRUE","3201","FALSE","TRUE","3236","TRUE","TRUE","","","  779 ","","1206-ET","TMX","1115, St-Antoine , 17e et 18e étages","","27 nov.","7-9h","","","514 787-6617 _ 514 915-5770 cell","","","","FALSE","","","","","","FALSE","FALSE","FALSE","","","martin.verville@tmx.com","","","FALSE","FALSE","TRUE","","TRUE","FALSE","","","","","","","","","","","","","",""
"Résidences","3342","TRUE","3129","FALSE","TRUE","3186","TRUE","TRUE","FALSE","39","  1 035 ","","0970-ET","Les Jardins Windsor PH4","651, rue de la Montagne","Montréal","27 novembre","12h-17h","","H3C 0G2","","","","","","","FALSE","","2","2","","","TRUE","FALSE","TRUE","guy.gervais@gmail.com","","","","","FALSE","FALSE","TRUE","","","FALSE","","","","","","","","","","","",""
"Édifice","3342","TRUE","","FALSE","FALSE","","FALSE","FALSE","FALSE","","  796 ","","1205-ET","Ordre des dentistes du Québec","800, boul. René Levesque O","Montréal","nov. 27","am","","","","","","","","","FALSE","","","","","","TRUE","FALSE","FALSE","kim-lai.pham@odq.qc.ca","","","","","FALSE","FALSE","TRUE","","","FALSE","","","","","","","","","","","",""
"Commerce","3342","TRUE","3176","FALSE","TRUE","3236","TRUE","TRUE","FALSE","","  282 ","","1207-ET","Uvée- Optométriste de Quartier","1668, rue Laurier Est","Montréal","28 novembre","12h-17h","","H2J 1J2","","","","","","pas de stationnment assigné","FALSE","","1","1","","","TRUE","FALSE","TRUE","alex-anne.harvey@uvee.ca","","","","","FALSE","FALSE","TRUE","","","FALSE","","","","","","","","","","","",""
"Édifice","3342","TRUE","3187","FALSE","TRUE","3236","TRUE","","FALSE","","  240 ","","1367-ET","École Lucien-Guilbault","7695, avenue Papineau","Montreal","28 novembre","12h-17h","","","","","","","","","","","","","","","TRUE","FALSE","TRUE","d.laflamme@lucien-guilbault.ca","","","","","","","TRUE","","","","","","","","","","","","","","",""
"Bureau","3342","TRUE","3132","FALSE","TRUE","3192","TRUE","TRUE","FALSE","30","  234 ","","1331-ET","LDC Logistics","1002, rue Sherbrooke O., Suite 2000","Montréal","28 novembre","7h-12h","","","****cliente impolie au téléphone avec Dominic ce matin, avec moi aussi. Dominic dit de ne pas la prendre comme cliente l'année prochaine ****","","","A FAIRE","","","FALSE","","2","2","","","TRUE","FALSE","TRUE","okovalska@MetroSCG.com","","","","","","","TRUE","","","","","","","","","","","","","","",""
"Commerce","3342","TRUE","3187","FALSE","TRUE","3236","TRUE","TRUE","FALSE","","  367 ","","1329-ET","UV Quartier Villeray","682, rue Jarry Est","Montréal","28 novembre","12h-17h","","","","","","","","","FALSE","","2","2","","","TRUE","FALSE","TRUE","olivier.parenteau@uvee.ca","","","","","FALSE","FALSE","TRUE","","","FALSE","","","","","","","","","","","",""
"Édifice médical","3342","TRUE","3138","FALSE","TRUE","3236","TRUE","TRUE","FALSE","16","  111 ","","1265-ET","Globule Place Vessailles","7275, rue Sherbrooke Est, Montréal","Montréal-Est ","26 novembre","12h-17h","","","","jour et heure exacte  a venir ","","","","","","","","","","","TRUE","FALSE","FALSE","Eric.Gervais@hema-quebec.qc.ca","","","","","","","TRUE","","","","","","","","","","","","","","",""
"","3342","TRUE","3164","FALSE","TRUE","3236","TRUE","TRUE","FALSE","40","  230 ","","1266-ET","Globule Centre Laval","1600, boul. le Corbusier","Laval","26 novembre","12h-17h","","","","","","","","","","","","","","","TRUE","FALSE","FALSE","Eric.Gervais@hema-quebec.qc.ca","","","","","","","TRUE","","","","","","","","","","","","","","",""
"Commerce","3342","TRUE","","","","","","","FALSE","","  860 ","","1069-ET","Édifice 105 St-Jacques O","105, St-Jacques O","Montréal","21 novembre","17h-22h","","","","","","","","","FALSE","","","","","","TRUE","FALSE","FALSE","Vincent.Blais@bgis.com;Julie.Lachapelle@bgis.com","","","","","","","","","","","","","","","","","","","","","",""
"Édifice","3342","TRUE","3132","FALSE","TRUE","3235","TRUE","TRUE","FALSE","1050","  12 419 ","","1273-ET","Complexe Guy Favreau (inclus tous les étages)","200, René-Levesque O","Montréal","16 novembre","12h-22h","","H2Z 1X4","","***tapis asc2 tour west absent ainsi que les 2 ascenseurs pour stationnement ***","","","6 déc : 1er déc : 4,5 bte moulures Étages 12,11 et 9 - 5 b moulures  / 30 nov : 4.5 boîtes de moulures. Étages, 4 , 5,6 et moulures d'étage 2 et 3  /29 nov : tour Est étages 2 et 3 MANQUE MOULURES CONTOUR / 15 nov : Tour ouest 5 étages de fait / Tous les ascenseurs sont fait sauf #1 tour EST , elle est en panne, reste 4 étages à faire.  Reste tour est à faire / 5 boîtes de moulures / 13 nov : 4h – 2 per – 8 tapes RDC 1+2   ***cube ***","Pc a été changer dû au reno , le total + Aussi calculé le PC des tapis ajouté au RDC 2 Tour","FALSE","","","","","","TRUE","FALSE","TRUE","Angela.Potvin@bgis.com","","","","","FALSE","FALSE","FALSE","","","FALSE","","","","","","","","","","","",""
"","3342","TRUE","","FALSE","FALSE","","FALSE","FALSE","FALSE","","","","1273-ET","Complexe Guy Favreau etages tour est/ouest ","200, René-Levesque O","Montréal","","17h-22h","","","","","","","","","FALSE","","","","","","TRUE","FALSE","TRUE","Angela.Potvin@bgis.com","","","","","FALSE","FALSE","FALSE","","","FALSE","","","","","","","","","","","",""
"Condo","3370","TRUE","3132","FALSE","TRUE","3192","TRUE","TRUE","FALSE","50","  1 403 ","","1356-ET","Maestria Tour A","1245, rue Bleury, Montréal","Montréal","18 novembre","12h-17h","","","Manque tapis #6 donc pas pu installer #7, #8 voir la numero 6 , pas bien installer tour A ","","","","","","","","","","","","TRUE","FALSE","FALSE","antoine.portelance@solutioncondo.com","","","","","","","TRUE","","","","","","","","","","","","","","",""
"","3370","","","","","","","","","","  702 ","","1197-ET","CPE Coeur de l'Île","2830, rue Gilford","","8 décembre","10h","","","","","","","","","","","","","","","","","","","","","","","","","","","","","","","","","","","","","","","",""
"","","TRUE","3136","FALSE","TRUE","3235","TRUE","TRUE","FALSE","","  604 ","","1177-ET","4396 St-Laurent","4396, boul. St-Laurent, Montréal","","5 novembre","12h-17h","","","","","","","","","","","","","","","TRUE","FALSE","FALSE","lbeaulieu@Alliedreit.com","","","","","","","","","","","","","","","","","","","","","",""
"Condo","","TRUE","3187","FALSE","TRUE","3236","TRUE","TRUE","FALSE","","  1 569 ","","0869-ET ","Le William","1811, rue William","Montréal","27 novembre","7h-12h","","H3J 1R5","INSTALLATION NEUVE","","","à faire","","Jennifer Allen       438 523-3687","FALSE","","2","2","","","TRUE","FALSE","FALSE","antoine.portelance@solutioncondo.com","","manque tapis 3 (était sur feuille mais pas dans rouleau, petit tapis usé contour de grille d'entrée","","","FALSE","FALSE","FALSE","","","FALSE","","","","","","","","","","","",""
"Édifice","","TRUE","3129","FALSE","TRUE","3192","TRUE","TRUE","FALSE","","  9 088 ","","1182-ET","Tour Deloitte","1115 St-Antoine ","Montréal ","","","","","","","","","***Reste à installer tapis #51, 52 et 53 qui doivent être coupés par Dominic dû au nouveau kiosque de restauration. Et reste insertion #84 à installer ****","","FALSE","","4","8","","","FALSE","FALSE","FALSE","elliott.parsons@cadillacfairview.com","","","","","FALSE","FALSE","FALSE","","","FALSE","","","","","","","","","","","",""
"Résidences","","TRUE","","FALSE","FALSE","","FALSE","FALSE","FALSE","","  2 446 ","","0690-ET","Lilo","105, boul. Don Quichotte","Île Perrot","","","","J7V 6X2","","ENLÈVEMENT ET DISPOSITION DU TAPIS (installation neuve à l'automne)","","","manque les 3 tapis d’ascenseurs.","","FALSE","","3","3","","","FALSE","FALSE","FALSE","cse@residencelilo.com","","","","","FALSE","FALSE","FALSE","","","FALSE","","","","","","","","","","","",""
"Édifice","","TRUE","","FALSE","TRUE","","TRUE","TRUE","FALSE","","","","11014-Q","Tour Optimum","1500 rue Montgolfièr","Laval","","","","1122","","","","","","","","","","","","","FALSE","FALSE","FALSE","","","","","","","","","","","","","","","","","","","","","","",""
" ","","","","","","","","","","","","","","","","","","","","","","","","","","","","","","","","","","","","","","","","","","","","","","","","","","","","","","","","","",""